,genelist,uniprotIds,Manual,GO_metadata_compartment,ECO_metadata_compartment,GO_metadata,cytosol,cytoplasm,outer membrane,membrane-bounded,periplasmic space,membrane,periplasm,inner membrane,transmembrane,extracellular,cell wall,finalLocation
1gvh-assembly1,['b2552'],['P24232'],Cytosol,{'go:0005737': 'cytoplasm'},cytosol // periplasmic space,"{'go:0046210': 'nitric oxide catabolic process', 'go:0051409': 'response to nitrosative stress', 'go:0009636': 'response to toxic substance', 'go:0071500': 'cellular response to nitrosative stress'}{'go:0032843': 'hydroperoxide reductase activity', 'go:0008941': 'nitric oxide dioxygenase activity', 'go:0019825': 'oxygen binding', 'go:0020037': 'heme binding', 'go:0005504': 'fatty acid binding', 'go:0046872': 'metal ion binding', 'go:0005344': 'oxygen carrier activity', 'go:0071949': 'fad binding'}",TRUE,TRUE,,,TRUE,,TRUE,,,,,
1s7d-assembly2,['b1973'],['P76344'],Periplasm,"{'go:0005829': 'cytosol', 'go:0030288': 'outer membrane-bounded periplasmic space'}",periplasmic space // cytosol,"{'go:0070301': 'cellular response to hydrogen peroxide', 'go:0034224': 'cellular response to zinc ion starvation', 'go:0006882': 'cellular zinc ion homeostasis', 'go:0071276': 'cellular response to cadmium ion'}{'go:0046870': 'cadmium ion binding', 'go:0046872': 'metal ion binding', 'go:0008270': 'zinc ion binding'}",TRUE,,TRUE,TRUE,TRUE,TRUE,TRUE,,,,,
1u60-assembly4,['b0485'],['P77454'],Unknown,{'go:0032991': 'protein-containing complex'},nan,"{'go:0010447': 'response to acidic ph', 'go:0006537': 'glutamate biosynthetic process', 'go:0045926': 'negative regulation of growth', 'go:0006543': 'glutamine catabolic process'}{'go:0004359': 'glutaminase activity'}",,,,,,,,,,,,
1xdp-assembly1,['b2501'],['P0A7B1'],Cytosol,"{'go:0031241': 'periplasmic side of cell outer membrane', 'go:0005829': 'cytosol', 'go:0009358': 'polyphosphate kinase complex', 'go:0005886': 'plasma membrane'}",cytosol // inner membrane // outer membrane,"{'go:0046777': 'protein autophosphorylation', 'go:0006799': 'polyphosphate biosynthetic process', 'go:0006757': 'atp generation from adp'}{'go:0016778': 'diphosphotransferase activity', 'go:0043751': 'polyphosphate', 'go:0046872': 'metal ion binding', 'go:0008976': 'polyphosphate kinase activity', 'go:0016776': 'phosphotransferase activity, phosphate group as acceptor', 'go:0005524': 'atp binding'}",TRUE,,TRUE,,,TRUE,TRUE,TRUE,,,,
1xdp-assembly2,['b2501'],['P0A7B1'],Cytosol,"{'go:0031241': 'periplasmic side of cell outer membrane', 'go:0005829': 'cytosol', 'go:0009358': 'polyphosphate kinase complex', 'go:0005886': 'plasma membrane'}",cytosol // inner membrane // outer membrane,"{'go:0046777': 'protein autophosphorylation', 'go:0006799': 'polyphosphate biosynthetic process', 'go:0006757': 'atp generation from adp'}{'go:0016778': 'diphosphotransferase activity', 'go:0043751': 'polyphosphate', 'go:0046872': 'metal ion binding', 'go:0008976': 'polyphosphate kinase activity', 'go:0016776': 'phosphotransferase activity, phosphate group as acceptor', 'go:0005524': 'atp binding'}",TRUE,,TRUE,,,TRUE,TRUE,TRUE,,,,
1z4h-assembly1,['b4501'],['Q2EES9'],Unknown,{},nan,"{'go:0044349': 'dna excision', 'go:0006310': 'dna recombination', 'go:2000143': 'negative regulation of dna-templated transcription, initiation'}{'go:0043565': 'sequence-specific dna binding', 'go:0042802': 'identical protein binding', 'go:0003677': 'dna binding'}",,,,,,,,,,,,
2kc5-assembly1,['b2992'],['P0AAN1'],Unknown,{},nan,{'go:0051604': 'protein maturation'}{'go:0070678': 'preprotein binding'},,,,,,,,,,,,
2y4f-assembly1,['b1019'],['P31545'],Periplasm,"{'go:0005829': 'cytosol', 'go:0042597': 'periplasmic space', 'go:0030288': 'outer membrane-bounded periplasmic space'}",periplasmic space // cytosol,"{'go:0006974': 'cellular response to dna damage stimulus', 'go:0033212': 'iron import into cell'}{'go:0046872': 'metal ion binding', 'go:0004601': 'peroxidase activity', 'go:0020037': 'heme binding'}",TRUE,,TRUE,TRUE,TRUE,TRUE,TRUE,,,,,
3f67-assembly1,['b4658'],['Q46850'],Unknown,{},nan,{}{'go:0016787': 'hydrolase activity'},,,,,,,,,,,,
3otp-assembly1,['b0161'],['P0C0V0'],Periplasm,"{'go:0005886': 'plasma membrane', 'go:0042597': 'periplasmic space', 'go:0030288': 'outer membrane-bounded periplasmic space'}",periplasmic space // inner membrane,"{'go:0006457': 'protein folding', 'go:0009408': 'response to heat', 'go:0006508': 'proteolysis', 'go:0006515': 'protein quality control for misfolded or incompletely synthesized proteins', 'go:0061077': 'chaperone-mediated protein folding', 'go:0009266': 'response to temperature stimulus', 'go:0006979': 'response to oxidative stress'}{'go:0004252': 'serine-type endopeptidase activity', 'go:0008233': 'peptidase activity', 'go:0042802': 'identical protein binding', 'go:0008236': 'serine-type peptidase activity'}",,,TRUE,TRUE,TRUE,TRUE,TRUE,TRUE,,,,
4xgx-assembly1,['b2214'],['P0AB85'],Periplasm,"{'go:0031237': 'intrinsic component of periplasmic side of plasma membrane', 'go:0030288': 'outer membrane-bounded periplasmic space'}",inner membrane // periplasmic space,"{'go:0017013': 'protein flavinylation'}{'go:0016740': 'transferase activity', 'go:0046872': 'metal ion binding', 'go:0071949': 'fad binding'}",,,TRUE,TRUE,TRUE,TRUE,TRUE,TRUE,,,,
5g5g-assembly1,"['b0285', 'b0284', 'b0286']","['P77324', 'P77489', 'P77165']",Periplasm,"{'go:0042597': 'periplasmic space', 'go:1990204': 'oxidoreductase complex'}{'go:0042597': 'periplasmic space', 'go:1990204': 'oxidoreductase complex'}{'go:0042597': 'periplasmic space', 'go:1990204': 'oxidoreductase complex'}",cytosol // periplasmic spaceinner membrane // periplasmic spaceperiplasmic space,"{'go:0019439': 'aromatic compound catabolic process', 'go:0110095': 'cellular detoxification of aldehyde'}{'go:0016903': 'oxidoreductase activity, acting on the aldehyde or oxo group of donors', 'go:0047770': 'carboxylate reductase activity', 'go:0050660': 'flavin adenine dinucleotide binding', 'go:0051539': '4 iron, 4 sulfur cluster binding', 'go:0046872': 'metal ion binding', 'go:0071949': 'fad binding'}{'go:0019439': 'aromatic compound catabolic process', 'go:0006974': 'cellular response to dna damage stimulus', 'go:0110095': 'cellular detoxification of aldehyde'}{'go:0047770': 'carboxylate reductase activity', 'go:0005506': 'iron ion binding', 'go:0016903': 'oxidoreductase activity, acting on the aldehyde or oxo group of donors', 'go:0030151': 'molybdenum ion binding', 'go:0016491': 'oxidoreductase activity'}{'go:0019439': 'aromatic compound catabolic process', 'go:0110095': 'cellular detoxification of aldehyde'}{'go:0047770': 'carboxylate reductase activity', 'go:0051537': '2 iron, 2 sulfur cluster binding', 'go:0016903': 'oxidoreductase activity, acting on the aldehyde or oxo group of donors', 'go:0046872': 'metal ion binding'}",TRUE,,,,TRUE,TRUE,TRUE,TRUE,,,,
6aep-assembly1,['b4362'],['P0A8J2'],Unknown,{'go:1990077': 'primosome complex'},nan,"{'go:0006267': 'pre-replicative complex assembly involved in nuclear cell cycle dna replication', 'go:0006269': 'dna replication, synthesis of rna primer', 'go:0006261': 'dna-dependent dna replication'}{'go:0042802': 'identical protein binding'}",,,,,,,,,,,,
6bi6-assembly1,['b2181'],['P0AD21'],Unknown,{},nan,{}{},,,,,,,,,,,,
6hcg-assembly1,"['b3325', 'b3324']","['P45758', 'P45757']",Outer Membrane (No Area),"{'go:0016021': 'integral component of membrane', 'go:0009279': 'cell outer membrane', 'go:0015627': 'type ii protein secretion system complex'}{'go:0016021': 'integral component of membrane', 'go:0015627': 'type ii protein secretion system complex', 'go:0005886': 'plasma membrane'}",outer membraneinner membrane,"{'go:0009306': 'protein secretion', 'go:0015628': 'protein secretion by the type ii secretion system'}{'go:0042802': 'identical protein binding'}{'go:0015628': 'protein secretion by the type ii secretion system'}{}",,,TRUE,,,TRUE,,TRUE,,,,
7ag1-assembly1,['b3881'],['P32141'],Periplasm,{},periplasmic space // cytosol,"{'go:0061720': '6-sulfoquinovose(1-) catabolic process to glycerone phosphate and 3-sulfolactaldehyde', 'go:1902777': '6-sulfoquinovose(1-) catabolic process'}{'go:0061595': '6-deoxy-6-sulfofructose-1-phosphate aldolase activity'}",TRUE,,,,TRUE,,TRUE,,,,,
7k1r-assembly1,['b0271'],['P77713'],Unknown,{},nan,"{'go:0045493': 'xylan catabolic process'}{'go:0009044': 'xylan 1,4-beta-xylosidase activity'}",,,,,,,,,,,,
7nvg-assembly1,"['b1080', 'b1079', 'b1078', 'b1937', 'b1938', 'b1074', 'b1073', 'b1075', 'b1950', 'b1949', 'b1948']","['P0A6S3', 'P0A6S0', 'P0ABX5', 'P75936', 'P0ABX2', 'P0ABW9', 'P33135', 'P25798', 'P0A8T5', 'P0AC07', 'P0AC05']",TransMembrane,"{'go:0009428': 'bacterial-type flagellum basal body, distal rod, p ring', 'go:0030288': 'outer membrane-bounded periplasmic space'}{'go:0009279': 'cell outer membrane', 'go:0009427': 'bacterial-type flagellum basal body, distal rod, l ring'}{'go:0009279': 'cell outer membrane', 'go:0009426': 'bacterial-type flagellum basal body, distal rod'}{'go:0005829': 'cytosol'}{'go:0030694': 'bacterial-type flagellum basal body, rod'}{'go:0030694': 'bacterial-type flagellum basal body, rod'}{'go:0016021': 'integral component of membrane', 'go:0009425': 'bacterial-type flagellum basal body', 'go:0005886': 'plasma membrane'}{'go:0016021': 'integral component of membrane', 'go:0009431': 'bacterial-type flagellum basal body, ms ring', 'go:0005886': 'plasma membrane'}{'go:0009425': 'bacterial-type flagellum basal body'}{'go:0016021': 'integral component of membrane', 'go:0009425': 'bacterial-type flagellum basal body', 'go:0005886': 'plasma membrane'}{'go:0016021': 'integral component of membrane', 'go:0009425': 'bacterial-type flagellum basal body', 'go:0005886': 'plasma membrane'}",periplasmic space // cell projectionouter membrane // cell projectionouter membrane // cell projectionperiplasmic space // cell projectioninner membrane // periplasmic space // cytosol // cell projectionperiplasmic space // cell projectionperiplasmic space // cell projectioncytosolinner membrane // cell projectioninner membrane // cell projectioninner membrane // cell projection,"{'go:0006974': 'cellular response to dna damage stimulus', 'go:0071973': 'bacterial-type flagellum-dependent cell motility'}{'go:0005198': 'structural molecule activity'}{'go:0006970': 'response to osmotic stress', 'go:0071973': 'bacterial-type flagellum-dependent cell motility'}{'go:0003774': 'cytoskeletal motor activity'}{'go:0071973': 'bacterial-type flagellum-dependent cell motility', 'go:0071978': 'bacterial-type flagellum-dependent swarming motility'}{}{'go:0044781': 'bacterial-type flagellum organization', 'go:0071978': 'bacterial-type flagellum-dependent swarming motility'}{}{'go:0071978': 'bacterial-type flagellum-dependent swarming motility'}{}{'go:0071978': 'bacterial-type flagellum-dependent swarming motility'}{}{'go:0044780': 'bacterial-type flagellum assembly', 'go:0006605': 'protein targeting'}{}{'go:0071973': 'bacterial-type flagellum-dependent cell motility'}{'go:0003774': 'cytoskeletal motor activity'}{'go:0071973': 'bacterial-type flagellum-dependent cell motility'}{'go:0003774': 'cytoskeletal motor activity', 'go:0005198': 'structural molecule activity'}{'go:0009306': 'protein secretion', 'go:0044780': 'bacterial-type flagellum assembly'}{}{'go:0044781': 'bacterial-type flagellum organization', 'go:0009306': 'protein secretion'}{}",TRUE,,TRUE,TRUE,TRUE,TRUE,TRUE,TRUE,,,,
AF-A0A385XJ53-F1-model_v2,['b4709'],['A0A385XJ53'],Unknown,{},nan,"{'go:0006313': 'transposition, dna-mediated'}{}",,,,,,,,,,,,
AF-A0A385XJE6-F1-model_v2,['b4711'],['A0A385XJE6'],Unknown,{},nan,"{'go:0006313': 'transposition, dna-mediated'}{'go:0004803': 'transposase activity', 'go:0003677': 'dna binding'}",,,,,,,,,,,,
AF-A0A385XJK5-F1-model_v2,['b4605'],['A0A385XJK5'],Unknown,{},nan,{}{},,,,,,,,,,,,
AF-A0A385XJL4-F1-model_v2,['b4710'],['A0A385XJL4'],Unknown,{},nan,"{'go:0006313': 'transposition, dna-mediated'}{'go:0004803': 'transposase activity', 'go:0003677': 'dna binding'}",,,,,,,,,,,,
AF-A0A385XJN2-F1-model_v2,['b3036'],['A0A385XJN2'],Unknown,{},nan,{}{},,,,,,,,,,,,
AF-A0A385XK32-F1-model_v2,['b4223'],['A0A385XK32'],Unknown,{},nan,{}{},,,,,,,,,,,,
AF-A5A607-F1-model_v2,['b4589'],['A5A607'],Unknown,{},nan,{}{},,,,,,,,,,,,
AF-A5A612-F1-model_v2,['b4594'],['A5A612'],Unknown,{},nan,{}{},,,,,,,,,,,,
AF-A5A613-F1-model_v2,['b4595'],['A5A613'],Unknown,{},nan,{}{},,,,,,,,,,,,
AF-A5A625-F1-model_v2,['b4615'],['A5A625'],Unknown,{},nan,{}{},,,,,,,,,,,,
AF-A8DYP9-F1-model_v2,['b4637'],['A8DYP9'],Unknown,{},nan,{'go:0006417': 'regulation of translation'}{},,,,,,,,,,,,
AF-C1P5Z7-F1-model_v2,['b4662'],['C1P5Z7'],Unknown,{},nan,"{'go:0009401': 'phosphoenolpyruvate-dependent sugar phosphotransferase system', 'go:0046325': 'negative regulation of glucose import'}{'go:0004857': 'enzyme inhibitor activity'}",,,,,,,,,,,,
AF-C1P600-F1-model_v2,['b4674'],['C1P600'],Unknown,{},nan,{}{},,,,,,,,,,,,
AF-C1P619-F1-model_v2,['b4669'],['C1P619'],Unknown,{},nan,{}{},,,,,,,,,,,,
AF-C1P621-F1-model_v2,['b4670'],['C1P621'],Unknown,{},nan,{}{},,,,,,,,,,,,
AF-E2JKY7-F1-model_v2,['b4702'],['E2JKY7'],Unknown,{},nan,"{'go:0032026': 'response to magnesium ion', 'go:0031556': 'transcriptional attenuation by ribosome'}{}",,,,,,,,,,,,
AF-P02930-F1-model_v2,['b3035'],['P02930'],Outer Membrane (No Area),"{'go:1990281': 'efflux pump complex', 'go:0016020': 'membrane', 'go:0045203': 'integral component of cell outer membrane', 'go:0030288': 'outer membrane-bounded periplasmic space', 'go:1990196': 'macab-tolc complex', 'go:0016021': 'integral component of membrane', 'go:0009279': 'cell outer membrane'}",inner membrane // outer membrane // periplasmic space,"{'go:0042930': 'enterobactin transport', 'go:0140330': 'xenobiotic detoxification by transmembrane export across the cell outer membrane', 'go:0046677': 'response to antibiotic', 'go:0034220': 'ion transmembrane transport', 'go:0015721': 'bile acid and bile salt transport', 'go:1990961': 'xenobiotic detoxification by transmembrane export across the plasma membrane', 'go:0009636': 'response to toxic substance', 'go:0014070': 'response to organic cyclic compound'}{'go:0015288': 'porin activity', 'go:0015562': 'efflux transmembrane transporter activity', 'go:0047485': 'protein n-terminus binding', 'go:0015125': 'bile acid transmembrane transporter activity', 'go:0005216': 'ion channel activity', 'go:0042802': 'identical protein binding'}",,,TRUE,TRUE,TRUE,TRUE,TRUE,TRUE,,,,
AF-P06965-F1-model_v2,['b1569'],['P06965'],Unknown,{},nan,"{'go:0051301': 'cell division', 'go:0007049': 'cell cycle'}{'go:0003677': 'dna binding'}",,,,,,,,,,,,
AF-P07021-F1-model_v2,['b2605'],['P07021'],Periplasm (OM-Associated),"{'go:0016021': 'integral component of membrane', 'go:0005886': 'plasma membrane'}",inner membrane // outer membrane,{}{},,,TRUE,,,TRUE,,TRUE,,,,
AF-P0A8J2-F1-model_v2,['b4362'],['P0A8J2'],Unknown,{'go:1990077': 'primosome complex'},nan,"{'go:0006267': 'pre-replicative complex assembly involved in nuclear cell cycle dna replication', 'go:0006269': 'dna replication, synthesis of rna primer', 'go:0006261': 'dna-dependent dna replication'}{'go:0042802': 'identical protein binding'}",,,,,,,,,,,,
AF-P0AA91-F1-model_v2,['b1806'],['P0AA91'],Periplasm (OM-Associated),"{'go:0019867': 'outer membrane', 'go:0005886': 'plasma membrane'}",outer membrane // inner membrane,{}{},,,TRUE,,,TRUE,,TRUE,,,,
AF-P0AA99-F1-model_v2,['b0224'],['P0AA99'],Periplasm,{},nan,"{'go:0071555': 'cell wall organization', 'go:0008360': 'regulation of cell shape', 'go:0009252': 'peptidoglycan biosynthetic process'}{'go:0016787': 'hydrolase activity', 'go:0016757': 'glycosyltransferase activity'}",,,,,,,,,,,,
AF-P0AAL9-F1-model_v2,['b0288'],['P0AAL9'],Unknown,{},nan,"{}{'go:0051536': 'iron-sulfur cluster binding', 'go:0046872': 'metal ion binding'}",,,,,,,,,,,,
AF-P0AAS5-F1-model_v2,['b0520'],['P0AAS5'],Unknown,{},nan,{}{},,,,,,,,,,,,
AF-P0AAS9-F1-model_v2,['b4512'],['P0AAS9'],Unknown,{},nan,{}{},,,,,,,,,,,,
AF-P0AB33-F1-model_v2,['b1060'],['P0AB33'],Unknown,{},nan,"{'go:0090609': 'single-species submerged biofilm formation', 'go:1900190': 'regulation of single-species biofilm formation'}{}",,,,,,,,,,,,
AF-P0AC28-F1-model_v2,['b2912'],['P0AC28'],Unknown,{},nan,"{'go:0022611': 'dormancy process', 'go:0009396': 'folic acid-containing compound biosynthetic process', 'go:0035999': 'tetrahydrofolate interconversion'}{'go:0030272': '5-formyltetrahydrofolate cyclo-ligase activity', 'go:0005524': 'atp binding'}",,,,,,,,,,,,
AF-P0ACW0-F1-model_v2,['b4527'],['P0ACW0'],Unknown,{},nan,{}{},,,,,,,,,,,,
AF-P0ACW8-F1-model_v2,['b1571'],['P0ACW8'],Unknown,{},nan,{}{},,,,,,,,,,,,
AF-P0ACX9-F1-model_v2,['b1705'],['P0ACX9'],Unknown,{},nan,{}{},,,,,,,,,,,,
AF-P0AD07-F1-model_v2,['b1915'],['P0AD07'],Unknown,{},nan,{}{},,,,,,,,,,,,
AF-P0AD89-F1-model_v2,['b3707'],['P0AD89'],Unknown,{},nan,"{'go:0031556': 'transcriptional attenuation by ribosome', 'go:0090358': 'positive regulation of tryptophan metabolic process'}{}",,,,,,,,,,,,
AF-P0ADA3-F1-model_v2,['b2742'],['P0ADA3'],Periplasm (OM-Associated),"{'go:0032153': 'cell division site', 'go:0009279': 'cell outer membrane', 'go:0005886': 'plasma membrane'}",inner membrane // outer membrane,"{'go:0051345': 'positive regulation of hydrolase activity', 'go:0007049': 'cell cycle', 'go:0000920': 'septum digestion after cytokinesis'}{'go:0004222': 'metalloendopeptidase activity'}",,,TRUE,,,TRUE,,TRUE,,,,
AF-P0ADB1-F1-model_v2,['b1739'],['P0ADB1'],Periplasm (IM-Associated),"{'go:0019867': 'outer membrane', 'go:0005886': 'plasma membrane'}",inner membrane,{'go:0006970': 'response to osmotic stress'}{},,,TRUE,,,TRUE,,TRUE,,,,
AF-P0ADC8-F1-model_v2,['b4353'],['P0ADC8'],Unknown,{},nan,{'go:0006974': 'cellular response to dna damage stimulus'}{},,,,,,,,,,,,
AF-P0ADE2-F1-model_v2,['b4217'],['P0ADE2'],Unknown,{},nan,{'go:0006979': 'response to oxidative stress'}{},,,,,,,,,,,,
AF-P0ADK0-F1-model_v2,['b3554'],['P0ADK0'],Unknown,{},nan,{'go:0044764': 'multi-organism cellular process'}{},,,,,,,,,,,,
AF-P0ADS9-F1-model_v2,['b2958'],['P0ADS9'],Unknown,{},nan,{}{},,,,,,,,,,,,
AF-P0ADU7-F1-model_v2,['b3033'],['P0ADU7'],Unknown,{},nan,{}{},,,,,,,,,,,,
AF-P0ADX7-F1-model_v2,['b3448'],['P0ADX7'],Unknown,{},nan,{}{},,,,,,,,,,,,
AF-P0AEA2-F1-model_v2,['b1037'],['P0AEA2'],Outer Membrane (No Area),"{'go:0062155': 'curli secretion complex', 'go:0005886': 'plasma membrane', 'go:0009279': 'cell outer membrane', 'go:0031246': 'intrinsic component of periplasmic side of cell outer membrane', 'go:0030288': 'outer membrane-bounded periplasmic space'}",outer membrane // periplasmic space // inner membrane,"{'go:0022610': 'biological adhesion', 'go:0071806': 'protein transmembrane transport', 'go:0044010': 'single-species biofilm formation'}{'go:0042802': 'identical protein binding'}",,,TRUE,TRUE,TRUE,TRUE,TRUE,TRUE,,,,
AF-P0AEB2-F1-model_v2,['b0632'],['P0AEB2'],Periplasm (IM-Associated),"{'go:0005886': 'plasma membrane', 'go:1990914': 'integral component of periplasmic side of plasma membrane', 'go:0005887': 'integral component of plasma membrane', 'go:0030288': 'outer membrane-bounded periplasmic space'}",inner membrane // periplasmic space,"{'go:0071555': 'cell wall organization', 'go:0008360': 'regulation of cell shape', 'go:0000270': 'peptidoglycan metabolic process', 'go:0009252': 'peptidoglycan biosynthetic process'}{'go:0009002': 'serine-type d-ala-d-ala carboxypeptidase activity', 'go:0004180': 'carboxypeptidase activity', 'go:0008800': 'beta-lactamase activity', 'go:0008658': 'penicillin binding'}",,,TRUE,TRUE,TRUE,TRUE,TRUE,TRUE,,,,
AF-P0AEZ7-F1-model_v2,['b0211'],['P0AEZ7'],Periplasm (OM-Associated),"{'go:0016020': 'membrane', 'go:0005886': 'plasma membrane'}",inner membrane // outer membrane,"{'go:0071555': 'cell wall organization', 'go:0000270': 'peptidoglycan metabolic process', 'go:0051353': 'positive regulation of oxidoreductase activity'}{'go:0016829': 'lyase activity', 'go:0008932': 'lytic endotransglycosylase activity', 'go:0008933': 'lytic transglycosylase activity'}",,,TRUE,,,TRUE,,TRUE,,,,
AF-P0AF56-F1-model_v2,['b4078'],['P0AF56'],Unknown,{},nan,{}{},,,,,,,,,,,,
AF-P0AF59-F1-model_v2,['b4126'],['P0AF59'],Unknown,{},nan,{}{},,,,,,,,,,,,
AF-P0AF70-F1-model_v2,['b4144'],['P0AF70'],Unknown,{},nan,{'go:0006974': 'cellular response to dna damage stimulus'}{},,,,,,,,,,,,
AF-P0AF86-F1-model_v2,['b4199'],['P0AF86'],Periplasm,{'go:0042597': 'periplasmic space'},periplasmic space // cytosol,{}{},TRUE,,,,TRUE,,TRUE,,,,,
AF-P0AFM4-F1-model_v2,['b0384'],['P0AFM4'],Unknown,{},nan,{}{},,,,,,,,,,,,
AF-P0AFT8-F1-model_v2,['b4502'],['P0AFT8'],Unknown,{},nan,{}{},,,,,,,,,,,,
AF-P0C960-F1-model_v2,['b1193'],['P0C960'],Periplasm (OM-Associated),{'go:0009279': 'cell outer membrane'},inner membrane // outer membrane,"{'go:0071555': 'cell wall organization', 'go:0000270': 'peptidoglycan metabolic process', 'go:0016998': 'cell wall macromolecule catabolic process'}{'go:0016837': 'carbon-oxygen lyase activity, acting on polysaccharides', 'go:0008932': 'lytic endotransglycosylase activity', 'go:0008933': 'lytic transglycosylase activity'}",,,TRUE,,,TRUE,,TRUE,,,,
AF-P0CD93-F1-model_v2,['b4673'],['P0CD93'],Unknown,{},nan,{}{},,,,,,,,,,,,
AF-P0CF07-F1-model_v2,['b0022'],['P0CF07'],Unknown,{},nan,"{'go:0006313': 'transposition, dna-mediated'}{}",,,,,,,,,,,,
AF-P0CF08-F1-model_v2,['b0265'],['P0CF08'],Unknown,{},nan,"{'go:0006313': 'transposition, dna-mediated'}{}",,,,,,,,,,,,
AF-P0CF09-F1-model_v2,['b0275'],['P0CF09'],Unknown,{},nan,"{'go:0006313': 'transposition, dna-mediated'}{}",,,,,,,,,,,,
AF-P0CF10-F1-model_v2,['b4516'],['P0CF10'],Unknown,{},nan,"{'go:0006313': 'transposition, dna-mediated'}{}",,,,,,,,,,,,
AF-P0CF11-F1-model_v2,['b1894'],['P0CF11'],Unknown,{},nan,"{'go:0006313': 'transposition, dna-mediated'}{}",,,,,,,,,,,,
AF-P0CF12-F1-model_v2,['b3444'],['P0CF12'],Unknown,{},nan,"{'go:0006313': 'transposition, dna-mediated'}{}",,,,,,,,,,,,
AF-P0CF27-F1-model_v2,['b0274'],['P0CF27'],Unknown,{},nan,"{'go:0006313': 'transposition, dna-mediated'}{'go:0004803': 'transposase activity', 'go:0003677': 'dna binding'}",,,,,,,,,,,,
AF-P0CF28-F1-model_v2,['b1893'],['P0CF28'],Unknown,{},nan,"{'go:0006313': 'transposition, dna-mediated'}{'go:0004803': 'transposase activity', 'go:0003677': 'dna binding'}",,,,,,,,,,,,
AF-P0CF29-F1-model_v2,['b3445'],['P0CF29'],Unknown,{},nan,"{'go:0006313': 'transposition, dna-mediated'}{'go:0004803': 'transposase activity', 'go:0003677': 'dna binding'}",,,,,,,,,,,,
AF-P0CF83-F1-model_v2,['b2089'],['P0CF83'],Unknown,{},nan,"{'go:0006310': 'dna recombination', 'go:0015074': 'dna integration', 'go:0032196': 'transposition'}{'go:0003677': 'dna binding'}",,,,,,,,,,,,
AF-P0DP21-F1-model_v2,['b4584'],['P0DP21'],Unknown,{},nan,{}{},,,,,,,,,,,,
AF-P0DPC5-F1-model_v2,['b4721'],['P0DPC5'],Unknown,{},nan,{}{},,,,,,,,,,,,
AF-P0DPC6-F1-model_v2,['b4722'],['P0DPC6'],Unknown,{},nan,{'go:0006417': 'regulation of translation'}{},,,,,,,,,,,,
AF-P0DPC7-F1-model_v2,['b4725'],['P0DPC7'],Unknown,{},nan,{'go:0006417': 'regulation of translation'}{},,,,,,,,,,,,
AF-P0DPC8-F1-model_v2,['b4723'],['P0DPC8'],Unknown,{},nan,{}{},,,,,,,,,,,,
AF-P0DPC9-F1-model_v2,['b4724'],['P0DPC9'],Unknown,{},nan,{}{},,,,,,,,,,,,
AF-P0DPM9-F1-model_v2,['b4729'],['P0DPM9'],Unknown,{},nan,{}{},,,,,,,,,,,,
AF-P0DPN2-F1-model_v2,['b4732'],['P0DPN2'],Unknown,{},nan,{}{},,,,,,,,,,,,
AF-P0DPN6-F1-model_v2,['b4736'],['P0DPN6'],Unknown,{},nan,{}{},,,,,,,,,,,,
AF-P0DPO0-F1-model_v2,['b4740'],['P0DPO0'],Unknown,{},nan,{}{},,,,,,,,,,,,
AF-P0DPO2-F1-model_v2,['b4742'],['P0DPO2'],Unknown,{},nan,{}{},,,,,,,,,,,,
AF-P0DPO3-F1-model_v2,['b4743'],['P0DPO3'],Unknown,{},nan,{}{},,,,,,,,,,,,
AF-P0DPO7-F1-model_v2,['b4747'],['P0DPO7'],Unknown,{},nan,{}{},,,,,,,,,,,,
AF-P0DPP1-F1-model_v2,['b4534'],['P0DPP1'],Unknown,{},nan,{}{},,,,,,,,,,,,
AF-P0DPP2-F1-model_v2,['b4751'],['P0DPP2'],Unknown,{},nan,{}{},,,,,,,,,,,,
AF-P0DPP4-F1-model_v2,['b4753'],['P0DPP4'],Unknown,{},nan,{}{},,,,,,,,,,,,
AF-P0DPP5-F1-model_v2,['b4754'],['P0DPP5'],Unknown,{},nan,{}{},,,,,,,,,,,,
AF-P0DPP6-F1-model_v2,['b4755'],['P0DPP6'],Unknown,{},nan,{}{},,,,,,,,,,,,
AF-P0DPP8-F1-model_v2,['b4757'],['P0DPP8'],Unknown,{},nan,{}{},,,,,,,,,,,,
AF-P10100-F1-model_v2,['b0633'],['P10100'],Periplasm (MEM-Associated),"{'go:0009279': 'cell outer membrane', 'go:0005886': 'plasma membrane'}",inner membrane // outer membrane,"{'go:0071555': 'cell wall organization', 'go:0000270': 'peptidoglycan metabolic process'}{'go:0016829': 'lyase activity', 'go:0008932': 'lytic endotransglycosylase activity', 'go:0042834': 'peptidoglycan binding'}",,,TRUE,,,TRUE,,TRUE,,,,
AF-P11289-F1-model_v2,['b2602'],['P11289'],Unknown,{},nan,{}{},,,,,,,,,,,,
AF-P13656-F1-model_v2,['b3338'],['P13656'],Periplasm,"{'go:0005576': 'extracellular region', 'go:0042597': 'periplasmic space', 'go:0030288': 'outer membrane-bounded periplasmic space'}",extracellular space // periplasmic space,"{'go:0006032': 'chitin catabolic process', 'go:0000272': 'polysaccharide catabolic process'}{'go:0008843': 'endochitinase activity', 'go:0003796': 'lysozyme activity', 'go:0030246': 'carbohydrate binding', 'go:0008061': 'chitin binding'}",,,TRUE,TRUE,TRUE,TRUE,TRUE,,,TRUE,,
AF-P16916-F1-model_v2,['b3593'],['P16916'],Unknown,{},nan,{}{},,,,,,,,,,,,
AF-P16917-F1-model_v2,['b3482'],['P16917'],Outer Membrane (No Area),{},extracellular space // outer membrane,{}{},,,TRUE,,,TRUE,,,,TRUE,,
AF-P16918-F1-model_v2,['b0700'],['P16918'],Unknown,{},nan,{}{},,,,,,,,,,,,
AF-P16919-F1-model_v2,['b0497'],['P16919'],Outer Membrane (No Area),{},extracellular space // outer membrane,{'go:0010438': 'cellular response to sulfur starvation'}{},,,TRUE,,,TRUE,,,,TRUE,,
AF-P17846-F1-model_v2,['b2763'],['P17846'],Cytosol,{'go:0009337': 'sulfite reductase complex (nadph)'},nan,"{'go:0019344': 'cysteine biosynthetic process', 'go:0000103': 'sulfate assimilation', 'go:0070814': 'hydrogen sulfide biosynthetic process'}{'go:0050661': 'nadp binding', 'go:0016002': 'sulfite reductase activity', 'go:0051539': '4 iron, 4 sulfur cluster binding', 'go:0020037': 'heme binding', 'go:0046872': 'metal ion binding', 'go:0004783': 'sulfite reductase (nadph) activity', 'go:0050311': 'sulfite reductase (ferredoxin) activity'}",,,,,,,,,,,,
AF-P21338-F1-model_v2,['b0611'],['P21338'],Periplasm,"{'go:0005737': 'cytoplasm', 'go:0030288': 'outer membrane-bounded periplasmic space'}",periplasmic space // cytosol,"{'go:0006401': 'rna catabolic process'}{'go:0033897': 'ribonuclease t2 activity', 'go:0008847': 'enterobacter ribonuclease activity', 'go:0003723': 'rna binding'}",TRUE,TRUE,TRUE,TRUE,TRUE,TRUE,TRUE,,,,,
AF-P21418-F1-model_v2,['b1573'],['P21418'],Unknown,{},nan,{}{},,,,,,,,,,,,
AF-P24205-F1-model_v2,['b1855'],['P24205'],Periplasm (IM-Associated),"{'go:0009276': 'gram-negative-bacterium-type cell wall', 'go:0005887': 'integral component of plasma membrane'}",cell wall // inner membrane,"{'go:0036104': 'kdo2-lipid a biosynthetic process', 'go:0009103': 'lipopolysaccharide biosynthetic process'}{'go:0016747': 'acyltransferase activity, transferring groups other than amino-acyl groups', 'go:0019107': 'myristoyltransferase activity'}",,,,,,TRUE,,TRUE,,,TRUE,
AF-P25728-F1-model_v2,['b2732'],['P25728'],Unknown,{},nan,{}{},,,,,,,,,,,,
AF-P27297-F1-model_v2,['b3570'],['P27297'],Unknown,{},nan,"{}{'go:0005524': 'atp binding', 'go:0004040': 'amidase activity'}",,,,,,,,,,,,
AF-P28696-F1-model_v2,['b0013'],['P28696'],Unknown,{},nan,{}{},,,,,,,,,,,,
AF-P28721-F1-model_v2,['b3214'],['P28721'],Periplasm (IM-Associated),"{'go:0016021': 'integral component of membrane', 'go:0005886': 'plasma membrane', 'go:0030288': 'outer membrane-bounded periplasmic space'}",inner membrane // periplasmic space,{}{},,,TRUE,TRUE,TRUE,TRUE,TRUE,TRUE,,,,
AF-P30192-F1-model_v2,['b4573'],['P30192'],Unknown,{},nan,"{'go:0006313': 'transposition, dna-mediated'}{'go:0004803': 'transposase activity', 'go:0003677': 'dna binding'}",,,,,,,,,,,,
AF-P31455-F1-model_v2,['b3689'],['P31455'],Unknown,{},nan,{'go:0046397': 'galacturonate catabolic process'}{},,,,,,,,,,,,
AF-P31471-F1-model_v2,['b3719'],['P31471'],Unknown,{},nan,"{'go:0005975': 'carbohydrate metabolic process'}{'go:0004553': 'hydrolase activity, hydrolyzing o-glycosyl compounds'}",,,,,,,,,,,,
AF-P31666-F1-model_v2,['b0130'],['P31666'],Unknown,{},nan,"{'go:0005975': 'carbohydrate metabolic process'}{'go:0016810': 'hydrolase activity, acting on carbon-nitrogen (but not peptide) bonds'}",,,,,,,,,,,,
AF-P31991-F1-model_v2,['b1457'],['P31991'],Unknown,{},nan,{}{},,,,,,,,,,,,
AF-P32106-F1-model_v2,['b3596'],['P32106'],Unknown,{},nan,{}{},,,,,,,,,,,,
AF-P32151-F1-model_v2,['b3896'],['P32151'],Unknown,{},nan,{}{},,,,,,,,,,,,
AF-P32160-F1-model_v2,['b3920'],['P32160'],Unknown,{},nan,{}{},,,,,,,,,,,,
AF-P32668-F1-model_v2,['b3944'],['P32668'],Unknown,{},nan,{}{},,,,,,,,,,,,
AF-P32681-F1-model_v2,['b4001'],['P32681'],Unknown,{},nan,{}{},,,,,,,,,,,,
AF-P32685-F1-model_v2,['b4023'],['P32685'],Unknown,{},nan,{}{},,,,,,,,,,,,
AF-P32690-F1-model_v2,['b4038'],['P32690'],Unknown,{},nan,{}{},,,,,,,,,,,,
AF-P32693-F1-model_v2,['b4047'],['P32693'],Unknown,{},nan,{}{},,,,,,,,,,,,
AF-P32694-F1-model_v2,['b4048'],['P32694'],Unknown,{},nan,{}{},,,,,,,,,,,,
AF-P33219-F1-model_v2,['b1847'],['P33219'],Periplasm (OM-Associated),{'go:0005576': 'extracellular region'},periplasmic space // extracellular space,{}{},,,,,TRUE,,TRUE,,,TRUE,,
AF-P33229-F1-model_v2,['b1348'],['P33229'],Unknown,{},nan,"{'go:0009307': 'dna restriction-modification system', 'go:0046677': 'response to antibiotic'}{'go:1990238': 'double-stranded dna endodeoxyribonuclease activity'}",,,,,,,,,,,,
AF-P33230-F1-model_v2,['b1347'],['P33230'],Unknown,{},nan,"{'go:0006259': 'dna metabolic process', 'go:0046677': 'response to antibiotic'}{}",,,,,,,,,,,,
AF-P33345-F1-model_v2,['b2115'],['P33345'],Unknown,{},nan,{}{},,,,,,,,,,,,
AF-P33595-F1-model_v2,['b0069'],['P33595'],Periplasm,{'go:0030288': 'outer membrane-bounded periplasmic space'},periplasmic space // cytosol,"{'go:0015833': 'peptide transport', 'go:0045892': 'negative regulation of transcription, dna-templated', 'go:0045893': 'positive regulation of transcription, dna-templated'}{'go:1904680': 'peptide transmembrane transporter activity', 'go:0003677': 'dna binding'}",TRUE,,TRUE,TRUE,TRUE,TRUE,TRUE,,,,,
AF-P36675-F1-model_v2,['b4550'],['P36675'],Cytosol,{},nan,"{'go:0072344': 'rescue of stalled ribosome'}{'go:0043023': 'ribosomal large subunit binding', 'go:0000049': 'trna binding', 'go:0019843': 'rrna binding'}",,,,,,,,,,,,
AF-P36943-F1-model_v2,['b0297'],['P36943'],Outer Membrane (No Area),{'go:0009279': 'cell outer membrane'},cytosol,{'go:0007155': 'cell adhesion'}{},TRUE,,TRUE,,,TRUE,,,,,,
AF-P37629-F1-model_v2,['b4660'],['P37629'],Unknown,{},nan,{}{},,,,,,,,,,,,
AF-P37690-F1-model_v2,['b3613'],['P37690'],Periplasm (IM-Associated),"{'go:0032153': 'cell division site', 'go:0005886': 'plasma membrane', 'go:0042597': 'periplasmic space', 'go:0030288': 'outer membrane-bounded periplasmic space'}",inner membrane // periplasmic space,"{'go:0009273': 'peptidoglycan-based cell wall biogenesis', 'go:0000920': 'septum digestion after cytokinesis', 'go:0051345': 'positive regulation of hydrolase activity', 'go:0007049': 'cell cycle', 'go:0009314': 'response to radiation'}{'go:0016787': 'hydrolase activity', 'go:0004222': 'metalloendopeptidase activity'}",,,TRUE,TRUE,TRUE,TRUE,TRUE,TRUE,,,,
AF-P37691-F1-model_v2,['b3614'],['P37691'],Unknown,{},nan,{'go:0005975': 'carbohydrate metabolic process'}{'go:0003824': 'catalytic activity'},,,,,,,,,,,,
AF-P38394-F1-model_v2,['b4526'],['P38394'],Unknown,{},nan,{}{'go:0008270': 'zinc ion binding'},,,,,,,,,,,,
AF-P39165-F1-model_v2,['b1220'],['P39165'],Outer Membrane (No Area),"{'go:0009279': 'cell outer membrane', 'go:0042597': 'periplasmic space'}",periplasmic space // outer membrane,{}{},,,TRUE,,TRUE,TRUE,TRUE,,,,,
AF-P39267-F1-model_v2,['b4110'],['P39267'],Unknown,{},nan,{}{},,,,,,,,,,,,
AF-P39283-F1-model_v2,['b4157'],['P39283'],Unknown,{},nan,{}{},,,,,,,,,,,,
AF-P39293-F1-model_v2,['b4183'],['P39293'],Unknown,{},nan,{}{},,,,,,,,,,,,
AF-P39295-F1-model_v2,['b4185'],['P39295'],Unknown,{},nan,{}{},,,,,,,,,,,,
AF-P39298-F1-model_v2,['b4190'],['P39298'],Unknown,{},nan,"{}{'go:0016787': 'hydrolase activity', 'go:0034338': 'short-chain carboxylesterase activity', 'go:0008236': 'serine-type peptidase activity'}",,,,,,,,,,,,
AF-P39310-F1-model_v2,['b4206'],['P39310'],Inner Membrane (No Area),"{'go:0016021': 'integral component of membrane', 'go:0005886': 'plasma membrane'}",extracellular space // inner membrane,"{'go:0000920': 'septum digestion after cytokinesis', 'go:0043093': 'ftsz-dependent cytokinesis'}{'go:0004222': 'metalloendopeptidase activity', 'go:0042834': 'peptidoglycan binding'}",,,,,,TRUE,,TRUE,,TRUE,,
AF-P39342-F1-model_v2,['b4263'],['P39342'],Unknown,{},nan,{}{},,,,,,,,,,,,
AF-P39374-F1-model_v2,['b4325'],['P39374'],Unknown,{},nan,{}{},,,,,,,,,,,,
AF-P39390-F1-model_v2,['b4341'],['P39390'],Unknown,{},nan,{}{},,,,,,,,,,,,
AF-P39391-F1-model_v2,['b4342'],['P39391'],Unknown,{},nan,{}{},,,,,,,,,,,,
AF-P39407-F1-model_v2,['b4377'],['P39407'],Unknown,{},nan,"{'go:0006974': 'cellular response to dna damage stimulus', 'go:0016042': 'lipid catabolic process'}{'go:0016787': 'hydrolase activity'}",,,,,,,,,,,,
AF-P40710-F1-model_v2,['b0192'],['P40710'],Periplasm (OM-Associated),{'go:0009279': 'cell outer membrane'},periplasmic space // outer membrane,"{'go:0007155': 'cell adhesion', 'go:0010810': 'regulation of cell-substrate adhesion', 'go:1990169': 'stress response to copper ion'}{'go:0042802': 'identical protein binding'}",,,TRUE,,TRUE,TRUE,TRUE,,,,,
AF-P42591-F1-model_v2,['b3079'],['P42591'],Unknown,{},nan,{}{},,,,,,,,,,,,
AF-P42616-F1-model_v2,['b3097'],['P42616'],Unknown,{},nan,{}{},,,,,,,,,,,,
AF-P42625-F1-model_v2,['b3107'],['P42625'],Unknown,{},nan,{}{},,,,,,,,,,,,
AF-P43674-F1-model_v2,['b0909'],['P43674'],Periplasm (IM-Associated),"{'go:0016020': 'membrane', 'go:0005886': 'plasma membrane'}",inner membrane // periplasmic space // extracellular space,"{'go:0051603': 'proteolysis involved in cellular protein catabolic process'}{'go:0046872': 'metal ion binding', 'go:0004222': 'metalloendopeptidase activity', 'go:0008237': 'metallopeptidase activity'}",,,,,TRUE,TRUE,TRUE,TRUE,,TRUE,,
AF-P45465-F1-model_v2,['b3148'],['P45465'],Unknown,{},nan,"{}{'go:0004518': 'nuclease activity', 'go:0003676': 'nucleic acid binding'}",,,,,,,,,,,,
AF-P45581-F1-model_v2,['b1154'],['P45581'],Unknown,{},nan,{}{},,,,,,,,,,,,
AF-P45736-F1-model_v2,['b1289'],['P45736'],Unknown,{},nan,{}{},,,,,,,,,,,,
AF-P45750-F1-model_v2,['b3392'],['P45750'],Periplasm (IM-Associated),{},nan,"{'go:0015976': 'carbon utilization', 'go:0006308': 'dna catabolic process'}{}",,,,,,,,,,,,
AF-P45753-F1-model_v2,['b3395'],['P45753'],Periplasm (IM-Associated),{},nan,"{'go:0015976': 'carbon utilization', 'go:0006308': 'dna catabolic process'}{}",,,,,,,,,,,,
AF-P46887-F1-model_v2,['b1906'],['P46887'],Unknown,{},nan,{}{},,,,,,,,,,,,
AF-P52125-F1-model_v2,['b2626'],['P52125'],Unknown,{},nan,{}{},,,,,,,,,,,,
AF-P52128-F1-model_v2,['b2629'],['P52128'],Unknown,{},nan,{}{},,,,,,,,,,,,
AF-P52135-F1-model_v2,['b2637'],['P52135'],Unknown,{},nan,{}{},,,,,,,,,,,,
AF-P52614-F1-model_v2,['b1943'],['P52614'],Unknown,{'go:0009424': 'bacterial-type flagellum hook'},cell projection,"{'go:0044780': 'bacterial-type flagellum assembly', 'go:0071973': 'bacterial-type flagellum-dependent cell motility'}{}",,,,,,,,,,,,
AF-P56262-F1-model_v2,['b3830'],['P56262'],Unknown,{},nan,{}{'go:0008806': 'carboxymethylenebutenolidase activity'},,,,,,,,,,,,
AF-P58033-F1-model_v2,['b4548'],['P58033'],Unknown,{},nan,{}{},,,,,,,,,,,,
AF-P58036-F1-model_v2,['b4621'],['P58036'],Unknown,{},nan,{}{},,,,,,,,,,,,
AF-P58037-F1-model_v2,['b4612'],['P58037'],Unknown,{},nan,{}{},,,,,,,,,,,,
AF-P58094-F1-model_v2,['b4523'],['P58094'],Unknown,{},nan,{}{},,,,,,,,,,,,
AF-P62395-F1-model_v2,['b0097'],['P62395'],Cytosol,"{'go:0005829': 'cytosol', 'go:0042597': 'periplasmic space'}",cytosol // periplasmic space,{'go:0006417': 'regulation of translation'}{'go:0045182': 'translation regulator activity'},TRUE,,,,TRUE,,TRUE,,,,,
AF-P64426-F1-model_v2,['b1491'],['P64426'],Periplasm (OM-Associated),{'go:0009279': 'cell outer membrane'},outer membrane // periplasmic space,"{'go:0071555': 'cell wall organization', 'go:0008152': 'metabolic process'}{'go:0016798': 'hydrolase activity, acting on glycosyl bonds'}",,,TRUE,,TRUE,TRUE,TRUE,,,,,
AF-P64476-F1-model_v2,['b1685'],['P64476'],Unknown,{},nan,{}{},,,,,,,,,,,,
AF-P64479-F1-model_v2,['b1724'],['P64479'],Unknown,{},nan,{'go:0006974': 'cellular response to dna damage stimulus'}{'go:0004521': 'endoribonuclease activity'},,,,,,,,,,,,
AF-P64493-F1-model_v2,['b1793'],['P64493'],Unknown,{},nan,{}{},,,,,,,,,,,,
AF-P64503-F1-model_v2,['b1836'],['P64503'],Unknown,{},nan,{}{},,,,,,,,,,,,
AF-P64519-F1-model_v2,['b1953'],['P64519'],Unknown,{},nan,"{'go:0044011': 'single-species biofilm formation on inanimate substrate', 'go:0070301': 'cellular response to hydrogen peroxide', 'go:0071468': 'cellular response to acidic ph'}{}",,,,,,,,,,,,
AF-P64521-F1-model_v2,['b2003'],['P64521'],Unknown,{},nan,{}{},,,,,,,,,,,,
AF-P64534-F1-model_v2,['b2107'],['P64534'],Periplasm,"{'go:0005829': 'cytosol', 'go:0030288': 'outer membrane-bounded periplasmic space'}",periplasmic space // cytosol,"{'go:0006974': 'cellular response to dna damage stimulus', 'go:0032025': 'response to cobalt ion', 'go:1901652': 'response to peptide', 'go:0010045': 'response to nickel cation'}{'go:0005507': 'copper ion binding'}",TRUE,,TRUE,TRUE,TRUE,TRUE,TRUE,,,,,
AF-P64570-F1-model_v2,['b2940'],['P64570'],Unknown,{},nan,{}{},,,,,,,,,,,,
AF-P64574-F1-model_v2,['b2998'],['P64574'],Unknown,{},nan,{'go:1901422': 'response to butan-1-ol'}{},,,,,,,,,,,,
AF-P64594-F1-model_v2,['b3130'],['P64594'],Unknown,{'go:0110001': 'toxin-antitoxin complex'},nan,"{'go:0090502': 'rna phosphodiester bond hydrolysis, endonucleolytic', 'go:0090501': 'rna phosphodiester bond hydrolysis', 'go:0044010': 'single-species biofilm formation', 'go:0030308': 'negative regulation of cell growth'}{'go:0043023': 'ribosomal large subunit binding', 'go:0004540': 'ribonuclease activity', 'go:0004521': 'endoribonuclease activity'}",,,,,,,,,,,,
AF-P69411-F1-model_v2,['b0196'],['P69411'],Periplasm (OM-Associated),"{'go:0031240': 'external side of cell outer membrane', 'go:0036406': 'anchored component of periplasmic side of cell outer membrane', 'go:0009279': 'cell outer membrane', 'go:0031241': 'periplasmic side of cell outer membrane'}",outer membrane // periplasmic space,"{'go:0036460': 'cellular response to cell envelope stress', 'go:0035556': 'intracellular signal transduction', 'go:0070299': 'positive regulation of phosphorelay signal transduction system'}{}",,,TRUE,,TRUE,TRUE,TRUE,,,,,
AF-P71297-F1-model_v2,['b0280'],['P71297'],Unknown,{},nan,{}{},,,,,,,,,,,,
AF-P71298-F1-model_v2,['b0281'],['P71298'],Unknown,{},nan,"{'go:0006310': 'dna recombination', 'go:0015074': 'dna integration', 'go:0010165': 'response to x-ray', 'go:0075713': 'establishment of integrated proviral latency', 'go:0046718': 'viral entry into host cell', 'go:0044826': 'viral genome integration into host dna'}{'go:0003677': 'dna binding'}",,,,,,,,,,,,
AF-P75616-F1-model_v2,['b0005'],['P75616'],Unknown,{},nan,{}{},,,,,,,,,,,,
AF-P75687-F1-model_v2,['b0303'],['P75687'],Periplasm (IM-Associated),{'go:0042597': 'periplasmic space'},periplasmic space // cytosol,{'go:1901530': 'response to hypochlorite'}{},TRUE,,,,TRUE,,TRUE,,,,,
AF-P75692-F1-model_v2,['b0327'],['P75692'],Unknown,{},nan,{}{},,,,,,,,,,,,
AF-P75829-F1-model_v2,['b0877'],['P75829'],Unknown,{},nan,{'go:0006974': 'cellular response to dna damage stimulus'}{},,,,,,,,,,,,
AF-P75972-F1-model_v2,['b1143'],['P75972'],Unknown,{},nan,{}{},,,,,,,,,,,,
AF-P75975-F1-model_v2,['b1146'],['P75975'],Unknown,{},nan,{}{'go:0003677': 'dna binding'},,,,,,,,,,,,
AF-P75977-F1-model_v2,['b1148'],['P75977'],Unknown,{},nan,{}{},,,,,,,,,,,,
AF-P75980-F1-model_v2,['b1151'],['P75980'],Unknown,{},nan,{}{},,,,,,,,,,,,
AF-P75991-F1-model_v2,['b1164'],['P75991'],Unknown,{},nan,"{'go:0045892': 'negative regulation of transcription, dna-templated', 'go:0071468': 'cellular response to acidic ph'}{}",,,,,,,,,,,,
AF-P75992-F1-model_v2,['b1165'],['P75992'],Unknown,{},nan,{'go:1900191': 'negative regulation of single-species biofilm formation'}{},,,,,,,,,,,,
AF-P76001-F1-model_v2,['b1177'],['P76001'],Unknown,{},nan,{}{},,,,,,,,,,,,
AF-P76002-F1-model_v2,['b1178'],['P76002'],Periplasm (IM-Associated),"{'go:0005829': 'cytosol', 'go:0042597': 'periplasmic space'}",cytosol // periplasmic space,{}{'go:0060241': 'lysozyme inhibitor activity'},TRUE,,,,TRUE,,TRUE,,,,,
AF-P76035-F1-model_v2,['b1287'],['P76035'],Unknown,{},nan,{}{},,,,,,,,,,,,
AF-P76063-F1-model_v2,['b1357'],['P76063'],Unknown,{},nan,{'go:0008219': 'cell death'}{'go:0003677': 'dna binding'},,,,,,,,,,,,
AF-P76064-F1-model_v2,['b1358'],['P76064'],Unknown,{},nan,{'go:0043093': 'ftsz-dependent cytokinesis'}{},,,,,,,,,,,,
AF-P76069-F1-model_v2,['b1366'],['P76069'],Unknown,{},nan,{}{},,,,,,,,,,,,
AF-P76073-F1-model_v2,['b1375'],['P76073'],Unknown,{},nan,{'go:0009409': 'response to cold'}{},,,,,,,,,,,,
AF-P76076-F1-model_v2,['b1383'],['P76076'],Unknown,{},nan,{}{},,,,,,,,,,,,
AF-P76080-F1-model_v2,['b1391'],['P76080'],Unknown,{},nan,{'go:0010124': 'phenylacetate catabolic process'}{},,,,,,,,,,,,
AF-P76102-F1-model_v2,['b1432'],['P76102'],Unknown,{},nan,"{'go:0006310': 'dna recombination', 'go:0032196': 'transposition'}{'go:0046872': 'metal ion binding', 'go:0003677': 'dna binding'}",,,,,,,,,,,,
AF-P76127-F1-model_v2,['b1481'],['P76127'],Unknown,{},nan,{'go:1902210': 'positive regulation of bacterial-type flagellum assembly'}{},,,,,,,,,,,,
AF-P76148-F1-model_v2,['b1523'],['P76148'],Unknown,{},nan,{}{},,,,,,,,,,,,
AF-P76154-F1-model_v2,['b1544'],['P76154'],Unknown,{},nan,{'go:0009409': 'response to cold'}{},,,,,,,,,,,,
AF-P76159-F1-model_v2,['b1554'],['P76159'],Cytosol (IM-Associated),{},nan,"{'go:0019835': 'cytolysis', 'go:0009253': 'peptidoglycan catabolic process', 'go:0042742': 'defense response to bacterium', 'go:0016998': 'cell wall macromolecule catabolic process'}{'go:0003796': 'lysozyme activity'}",,,,,,,,,,,,
AF-P76164-F1-model_v2,['b1567'],['P76164'],Unknown,{},nan,{}{},,,,,,,,,,,,
AF-P76176-F1-model_v2,['b1598'],['P76176'],Unknown,{},nan,{}{'go:0004252': 'serine-type endopeptidase activity'},,,,,,,,,,,,
AF-P76177-F1-model_v2,['b1604'],['P76177'],Unknown,{},nan,{}{},,,,,,,,,,,,
AF-P76214-F1-model_v2,['b1742'],['P76214'],Unknown,{},nan,{'go:0070417': 'cellular response to cold'}{},,,,,,,,,,,,
AF-P76243-F1-model_v2,['b1792'],['P76243'],Unknown,{},nan,{}{},,,,,,,,,,,,
AF-P76296-F1-model_v2,['b1877'],['P76296'],Unknown,{},nan,{}{},,,,,,,,,,,,
AF-P76322-F1-model_v2,['b4495'],['P76322'],Unknown,{},nan,{}{},,,,,,,,,,,,
AF-P76394-F1-model_v2,['b2071'],['P76394'],Unknown,{},nan,{}{},,,,,,,,,,,,
AF-P76396-F1-model_v2,['b2073'],['P76396'],Unknown,{},nan,{}{},,,,,,,,,,,,
AF-P76406-F1-model_v2,['b2085'],['P76406'],Unknown,{},nan,{}{},,,,,,,,,,,,
AF-P76462-F1-model_v2,['b2225'],['P76462'],Unknown,{},nan,{}{},,,,,,,,,,,,
AF-P76463-F1-model_v2,['b2226'],['P76463'],Unknown,{},nan,{}{},,,,,,,,,,,,
AF-P76481-F1-model_v2,['b2270'],['P76481'],Unknown,{},nan,{}{},,,,,,,,,,,,
AF-P76509-F1-model_v2,['b2356'],['P76509'],Unknown,{},nan,"{}{'go:0009007': 'site-specific dna-methyltransferase (adenine-specific) activity', 'go:0003677': 'dna binding'}",,,,,,,,,,,,
AF-P76515-F1-model_v2,['b2362'],['P76515'],Unknown,{},nan,{'go:0006979': 'response to oxidative stress'}{},,,,,,,,,,,,
AF-P76537-F1-model_v2,['b2432'],['P76537'],Unknown,{},nan,{}{},,,,,,,,,,,,
AF-P76544-F1-model_v2,['b2444'],['P76544'],Unknown,{},nan,{}{},,,,,,,,,,,,
AF-P76549-F1-model_v2,['b2449'],['P76549'],Unknown,{},nan,{}{},,,,,,,,,,,,
AF-P76613-F1-model_v2,['b2650'],['P76613'],Unknown,{},nan,{}{},,,,,,,,,,,,
AF-P76616-F1-model_v2,['b4462'],['P76616'],Unknown,{},nan,{'go:0005975': 'carbohydrate metabolic process'}{'go:0003824': 'catalytic activity'},,,,,,,,,,,,
AF-P77147-F1-model_v2,['b1669'],['P77147'],Unknown,{},nan,{}{},,,,,,,,,,,,
AF-P77162-F1-model_v2,['b0250'],['P77162'],Unknown,{},nan,{}{},,,,,,,,,,,,
AF-P77216-F1-model_v2,['b0602'],['P77216'],Unknown,{},nan,{}{'go:0003824': 'catalytic activity'},,,,,,,,,,,,
AF-P77296-F1-model_v2,['b0647'],['P77296'],Unknown,{},nan,"{'go:0016567': 'protein ubiquitination', 'go:0030433': 'ubiquitin-dependent erad pathway'}{}",,,,,,,,,,,,
AF-P77503-F1-model_v2,['b1315'],['P77503'],Unknown,{},nan,"{'go:0005975': 'carbohydrate metabolic process'}{'go:0016616': 'oxidoreductase activity, acting on the ch-oh group of donors, nad or nadp as acceptor', 'go:0000166': 'nucleotide binding'}",,,,,,,,,,,,
AF-P77554-F1-model_v2,['b0324'],['P77554'],Unknown,{},nan,"{}{'go:0016814': 'hydrolase activity, acting on carbon-nitrogen (but not peptide) bonds, in cyclic amidines'}",,,,,,,,,,,,
AF-P77561-F1-model_v2,['b1501'],['P77561'],Cytosol (IM-Associated),{},cytosol // periplasmic space,"{'go:0010447': 'response to acidic ph'}{'go:0051539': '4 iron, 4 sulfur cluster binding', 'go:0030151': 'molybdenum ion binding', 'go:0008863': 'formate dehydrogenase (nad+) activity'}",TRUE,,,,TRUE,,TRUE,,,,,
AF-P77562-F1-model_v2,['b0378'],['P77562'],Periplasm (OM-Associated),"{'go:0031240': 'external side of cell outer membrane', 'go:0005829': 'cytosol'}",cytosol // outer membrane,{'go:1901652': 'response to peptide'}{},TRUE,,TRUE,,,TRUE,,,,,,
AF-P77609-F1-model_v2,['b1566'],['P77609'],Unknown,{},nan,{}{},,,,,,,,,,,,
AF-P77656-F1-model_v2,['b2354'],['P77656'],Unknown,{},nan,{'go:0006979': 'response to oxidative stress'}{},,,,,,,,,,,,
AF-P77658-F1-model_v2,['b1368'],['P77658'],Unknown,{},nan,{}{},,,,,,,,,,,,
AF-P77699-F1-model_v2,['b0561'],['P77699'],Unknown,{},nan,{}{},,,,,,,,,,,,
AF-P77790-F1-model_v2,['b1488'],['P77790'],Periplasm,{'go:0005737': 'cytoplasm'},cytosol // periplasmic space,"{'go:0071555': 'cell wall organization', 'go:0042594': 'response to starvation'}{'go:0016805': 'dipeptidase activity', 'go:0008270': 'zinc ion binding', 'go:0009046': 'zinc d-ala-d-ala carboxypeptidase activity'}",TRUE,TRUE,,,TRUE,,TRUE,,,,,
AF-Q2EEU2-F1-model_v2,['b4566'],['Q2EEU2'],Cytosol,{},nan,{'go:0010911': 'regulation of isomerase activity'}{'go:0044547': 'dna topoisomerase binding'},,,,,,,,,,,,
AF-Q46789-F1-model_v2,['b2853'],['Q46789'],Unknown,{},nan,{}{},,,,,,,,,,,,
AF-Q46793-F1-model_v2,['b2858'],['Q46793'],Unknown,{},nan,{}{},,,,,,,,,,,,
AF-Q46798-F1-model_v2,['b2865'],['Q46798'],Periplasm,"{'go:0032153': 'cell division site', 'go:0009279': 'cell outer membrane', 'go:0005886': 'plasma membrane'}",inner membrane // outer membrane,{'go:0000920': 'septum digestion after cytokinesis'}{'go:0004222': 'metalloendopeptidase activity'},,,TRUE,,,TRUE,,TRUE,,,,
AF-Q46840-F1-model_v2,['b2981'],['Q46840'],Unknown,{},nan,{}{},,,,,,,,,,,,
AF-Q46858-F1-model_v2,['b3013'],['Q46858'],Unknown,{},nan,{}{},,,,,,,,,,,,
AF-Q47272-F1-model_v2,['b4509'],['Q47272'],Unknown,{},nan,{}{},,,,,,,,,,,,
AF-Q6BEX5-F1-model_v2,['b4487'],['Q6BEX5'],Unknown,{},nan,{}{},,,,,,,,,,,,
AF-Q9XB42-F1-model_v2,['b4504'],['Q9XB42'],Unknown,{},nan,{}{},,,,,,,,,,,,
CPLX0-3924_AlphaMulti,['b4207'],['P0A9L3'],Unknown,"{'go:0005829': 'cytosol', 'go:0042597': 'periplasmic space'}",cytosol // periplasmic space,"{'go:0042026': 'protein refolding'}{'go:0005528': 'fk506 binding', 'go:0003755': 'peptidyl-prolyl cis-trans isomerase activity', 'go:0042802': 'identical protein binding'}",TRUE,,,,TRUE,,TRUE,,,,,
CPLX0-7929_AlphaMulti,['b2017'],['P69346'],Unknown,{'go:0110001': 'toxin-antitoxin complex'},nan,"{'go:0045892': 'negative regulation of transcription, dna-templated', 'go:0044010': 'single-species biofilm formation'}{'go:0043565': 'sequence-specific dna binding', 'go:0015643': 'toxic substance binding'}",,,,,,,,,,,,
CPLX0-8279_AlphaMulti,['b1677'],['P69776'],Periplasm (OM-Associated),"{'go:0009279': 'cell outer membrane', 'go:0045203': 'integral component of cell outer membrane', 'go:0030288': 'outer membrane-bounded periplasmic space', 'go:0031230': 'intrinsic component of cell outer membrane', 'go:0016020': 'membrane', 'go:0005576': 'extracellular region'}",outer membrane // extracellular space // periplasmic space,"{'go:0030258': 'lipid modification', 'go:0043580': 'periplasmic space organization'}{'go:0008289': 'lipid binding', 'go:0042802': 'identical protein binding', 'go:0042834': 'peptidoglycan binding'}",,,TRUE,TRUE,TRUE,TRUE,TRUE,,,TRUE,,
P02919_67_799_5hlb,['b0149'],['P02919'],Periplasm (IM-Associated),"{'go:0005886': 'plasma membrane', 'go:0016020': 'membrane', 'go:0009274': 'peptidoglycan-based cell wall', 'go:0005887': 'integral component of plasma membrane', 'go:0030288': 'outer membrane-bounded periplasmic space'}",cell wall // inner membrane // periplasmic space,"{'go:0071555': 'cell wall organization', 'go:0051518': 'positive regulation of bipolar cell growth', 'go:0008360': 'regulation of cell shape', 'go:0046677': 'response to antibiotic', 'go:0009252': 'peptidoglycan biosynthetic process', 'go:0010165': 'response to x-ray'}{'go:0008955': 'peptidoglycan glycosyltransferase activity', 'go:0008658': 'penicillin binding', 'go:0071723': 'lipopeptide binding', 'go:0009002': 'serine-type d-ala-d-ala carboxypeptidase activity'}",,,TRUE,TRUE,TRUE,TRUE,TRUE,TRUE,,,TRUE,
P06149_9_567_1f0x,['b2133'],['P06149'],Inner Membrane (No Area),"{'go:0031234': 'extrinsic component of cytoplasmic side of plasma membrane', 'go:0005887': 'integral component of plasma membrane', 'go:0005886': 'plasma membrane'}",inner membrane,"{'go:0019516': 'lactate oxidation', 'go:0009061': 'anaerobic respiration', 'go:0009060': 'aerobic respiration', 'go:0055085': 'transmembrane transport', 'go:0022904': 'respiratory electron transport chain'}{'go:0016901': 'oxidoreductase activity, acting on the ch-oh group of donors, quinone or similar compound as acceptor', 'go:0050660': 'flavin adenine dinucleotide binding', 'go:0048038': 'quinone binding', 'go:0102029': 'd-lactate dehydrogenase (quinone) activity', 'go:0071949': 'fad binding', 'go:0009055': 'electron transfer activity'}",,TRUE,,,,TRUE,,TRUE,,,,
P06864_2_1000_5a1a,['b3076'],['P06864'],Unknown,{'go:0009341': 'beta-galactosidase complex'},nan,"{'go:0005990': 'lactose catabolic process'}{'go:0004565': 'beta-galactosidase activity', 'go:0030246': 'carbohydrate binding'}",,,,,,,,,,,,
P09996_3_131_1z67,['b3698'],['P09996'],Unknown,{},nan,{}{},,,,,,,,,,,,
P0A6P9_1_431_6d3q,['b2779'],['P0A6P9'],Cytosol (IM-Associated),"{'go:0005856': 'cytoskeleton', 'go:0000015': 'phosphopyruvate hydratase complex', 'go:0005576': 'extracellular region', 'go:0009986': 'cell surface', 'go:0016020': 'membrane', 'go:0005829': 'cytosol', 'go:1990061': 'bacterial degradosome'}",cytosol // extracellular space // cytoskeleton // membrane,"{'go:0006096': 'glycolytic process'}{'go:0000287': 'magnesium ion binding', 'go:0004634': 'phosphopyruvate hydratase activity', 'go:0042802': 'identical protein binding'}",TRUE,,,,,TRUE,,,,TRUE,,
P0A862_1_168_4af2,['b1324'],['P0A862'],Cytosol,"{'go:0005737': 'cytoplasm', 'go:0005829': 'cytosol', 'go:0042597': 'periplasmic space'}",periplasmic space // cytosol,"{'go:0034599': 'cellular response to oxidative stress'}{'go:0032843': 'hydroperoxide reductase activity', 'go:0008379': 'thioredoxin peroxidase activity'}",TRUE,TRUE,,,TRUE,,TRUE,,,,,
P0A901_23_177_2aco,['b4149'],['P0A901'],Periplasm (OM-Associated),"{'go:0005737': 'cytoplasm', 'go:0009279': 'cell outer membrane'}",cytosol // outer membrane,"{'go:0006974': 'cellular response to dna damage stimulus', 'go:0006629': 'lipid metabolic process', 'go:0000302': 'response to reactive oxygen species'}{'go:0008289': 'lipid binding'}",TRUE,TRUE,TRUE,,,TRUE,,,,,,
P0A935_24_356_2gae,['b2813'],['P0A935'],Periplasm (OM-Associated),"{'go:0036405': 'anchored component of cell outer membrane', 'go:0009279': 'cell outer membrane', 'go:0005887': 'integral component of plasma membrane', 'go:0030288': 'outer membrane-bounded periplasmic space'}",inner membrane // outer membrane // periplasmic space,"{'go:0009254': 'peptidoglycan turnover', 'go:0071555': 'cell wall organization', 'go:0009253': 'peptidoglycan catabolic process'}{'go:0016829': 'lyase activity', 'go:0008933': 'lytic transglycosylase activity', 'go:0004553': 'hydrolase activity, hydrolyzing o-glycosyl compounds'}",,,TRUE,TRUE,TRUE,TRUE,TRUE,TRUE,,,,
P0AAL0_5_160_1kqf,['b2208'],['P0AAL0'],Periplasm,{'go:0005737': 'cytoplasm'},periplasmic space // cytosol,"{'go:0006979': 'response to oxidative stress'}{'go:0046872': 'metal ion binding', 'go:0051539': '4 iron, 4 sulfur cluster binding'}",TRUE,TRUE,,,TRUE,,TRUE,,,,,
P0AAN5_1_63_2kvt,['b0389'],['P0AAN5'],Unknown,{},nan,{}{},,,,,,,,,,,,
P0AAQ6_1_117_2okq,['b0456'],['P0AAQ6'],Unknown,{},nan,{}{},,,,,,,,,,,,
P0AB38_21_213_2mii,['b1105'],['P0AB38'],Periplasm (OM-Associated),"{'go:0031241': 'periplasmic side of cell outer membrane', 'go:0009279': 'cell outer membrane'}",outer membrane,"{'go:0008360': 'regulation of cell shape', 'go:0043085': 'positive regulation of catalytic activity', 'go:0009252': 'peptidoglycan biosynthetic process'}{'go:0030234': 'enzyme regulator activity', 'go:0008047': 'enzyme activator activity', 'go:0019899': 'enzyme binding'}",,,TRUE,,,TRUE,TRUE,,,,,
P0ACW6_1_72_1zhc,['b1426'],['P0ACW6'],Unknown,{},nan,{}{},,,,,,,,,,,,
P0AD65_36_622_3zg5,['b0635'],['P0AD65'],Periplasm (IM-Associated),"{'go:0005886': 'plasma membrane', 'go:0005887': 'integral component of plasma membrane', 'go:0030288': 'outer membrane-bounded periplasmic space'}",periplasmic space // inner membrane,"{'go:0071555': 'cell wall organization', 'go:0008360': 'regulation of cell shape', 'go:0046677': 'response to antibiotic', 'go:0009252': 'peptidoglycan biosynthetic process'}{'go:0008658': 'penicillin binding', 'go:0071972': 'peptidoglycan l,d-transpeptidase activity', 'go:0009002': 'serine-type d-ala-d-ala carboxypeptidase activity'}",,,TRUE,TRUE,TRUE,TRUE,TRUE,TRUE,,,,
P0AEE3_37_354_1te0,['b3235'],['P0AEE3'],Periplasm (IM-Associated),"{'go:0030288': 'outer membrane-bounded periplasmic space', 'go:0071575': 'integral component of external side of plasma membrane'}",inner membrane // periplasmic space,"{'go:0006508': 'proteolysis', 'go:0071218': 'cellular response to misfolded protein'}{'go:0004252': 'serine-type endopeptidase activity', 'go:0008233': 'peptidase activity', 'go:0042802': 'identical protein binding', 'go:0008236': 'serine-type peptidase activity'}",,,TRUE,TRUE,TRUE,TRUE,TRUE,TRUE,,,,
P0AEU7_20_161_1sg2,['b0178'],['P0AEU7'],Periplasm,"{'go:0005829': 'cytosol', 'go:0030288': 'outer membrane-bounded periplasmic space'}",cytosol // periplasmic space // outer membrane,"{'go:0050821': 'protein stabilization', 'go:0022417': 'protein maturation by protein folding', 'go:0032978': 'protein insertion into membrane from inner side', 'go:0006457': 'protein folding', 'go:0061077': 'chaperone-mediated protein folding', 'go:0043165': 'gram-negative-bacterium-type cell outer membrane assembly'}{'go:0051082': 'unfolded protein binding', 'go:0001530': 'lipopolysaccharide binding', 'go:0042802': 'identical protein binding'}",TRUE,,TRUE,TRUE,TRUE,TRUE,TRUE,,,,,
P0AF61_1_98_2llz,['b4128'],['P0AF61'],Cytosol,{},nan,{}{'go:0004521': 'endoribonuclease activity'},,,,,,,,,,,,
P0AFX9_23_316_2v42,['b2571'],['P0AFX9'],Periplasm,"{'go:0005886': 'plasma membrane', 'go:1903865': 'sigma factor antagonist complex', 'go:0030288': 'outer membrane-bounded periplasmic space'}",inner membrane // periplasmic space,"{'go:0032885': 'regulation of polysaccharide biosynthetic process'}{'go:0045152': 'antisigma factor binding', 'go:0042802': 'identical protein binding', 'go:0008289': 'lipid binding'}",,,TRUE,TRUE,TRUE,TRUE,TRUE,TRUE,,,,
P0AGC3_28_645_1sly,['b4392'],['P0AGC3'],Periplasm,"{'go:0016020': 'membrane', 'go:0009274': 'peptidoglycan-based cell wall', 'go:0030288': 'outer membrane-bounded periplasmic space'}",periplasmic space // cell wall // membrane,"{'go:0071555': 'cell wall organization', 'go:0009253': 'peptidoglycan catabolic process'}{'go:0016829': 'lyase activity', 'go:0008932': 'lytic endotransglycosylase activity', 'go:0008933': 'lytic transglycosylase activity', 'go:0004553': 'hydrolase activity, hydrolyzing o-glycosyl compounds'}",,,TRUE,TRUE,TRUE,TRUE,TRUE,,,,TRUE,
P0CF80_3_275_5hoo,['b0372'],['P0CF80'],Unknown,{},nan,"{'go:0006310': 'dna recombination', 'go:0015074': 'dna integration', 'go:0032196': 'transposition'}{'go:0003677': 'dna binding'}",,,,,,,,,,,,
P0CF81_3_275_5hoo,['b0541'],['P0CF81'],Unknown,{},nan,"{'go:0006310': 'dna recombination', 'go:0015074': 'dna integration', 'go:0032196': 'transposition'}{'go:0003677': 'dna binding'}",,,,,,,,,,,,
P0CF82_3_275_5hoo,['b1026'],['P0CF82'],Unknown,{},nan,"{'go:0006310': 'dna recombination', 'go:0015074': 'dna integration', 'go:0032196': 'transposition'}{'go:0003677': 'dna binding'}",,,,,,,,,,,,
P10805_6_250_6pb9,['b0566'],['P10805'],Cytosol,{'go:0016020': 'membrane'},cytosol // outer membrane,"{'go:0009266': 'response to temperature stimulus'}{'go:0003700': 'dna-binding transcription factor activity', 'go:0043565': 'sequence-specific dna binding'}",TRUE,,TRUE,,,TRUE,,,,,,
P16681_3_139_5kef,['b4107'],['P16681'],Unknown,{},nan,{}{},,,,,,,,,,,,
P17802_5_347_4ypr,['b2961'],['P17802'],Cytosol (IM-Associated),{},periplasmic space // cytosol,"{'go:0006284': 'base-excision repair', 'go:0006298': 'mismatch repair'}{'go:0032357': 'oxidized purine dna binding', 'go:0035485': 'adenine/guanine mispair binding', 'go:0051539': '4 iron, 4 sulfur cluster binding', 'go:0000701': 'purine-specific mismatch base pair dna n-glycosylase activity', 'go:0046872': 'metal ion binding', 'go:0034039': '8-oxo-7,8-dihydroguanine dna n-glycosylase activity'}",TRUE,,,,TRUE,,TRUE,,,,,
P20099_9_777_1dms,['b3551'],['P20099'],Cytosol (IM-Associated),{'go:0030288': 'outer membrane-bounded periplasmic space'},periplasmic space // cytosol,"{'go:0009061': 'anaerobic respiration'}{'go:0033744': 'l-methionine', 'go:0043546': 'molybdopterin cofactor binding', 'go:0030151': 'molybdenum ion binding', 'go:0009055': 'electron transfer activity'}",TRUE,,TRUE,TRUE,TRUE,TRUE,TRUE,,,,,
P24171_2_681_1y79,['b1538'],['P24171'],Periplasm (OM-Associated),"{'go:0005737': 'cytoplasm', 'go:0005829': 'cytosol', 'go:0030288': 'outer membrane-bounded periplasmic space'}",cytosol // periplasmic space,"{'go:0006508': 'proteolysis'}{'go:0046872': 'metal ion binding', 'go:0004180': 'carboxypeptidase activity', 'go:0004222': 'metalloendopeptidase activity', 'go:0008237': 'metallopeptidase activity'}",TRUE,TRUE,TRUE,TRUE,TRUE,TRUE,TRUE,,,,,
P27832_3_224_2fs5,['b3790'],['P27832'],Periplasm,{},nan,{'go:0009246': 'enterobacterial common antigen biosynthetic process'}{'go:0008080': 'n-acetyltransferase activity'},,,,,,,,,,,,
P28722_15_223_2co6,['b3215'],['P28722'],Periplasm,{'go:0030288': 'outer membrane-bounded periplasmic space'},cytosol // periplasmic space,{'go:0071555': 'cell wall organization'}{},TRUE,,TRUE,TRUE,TRUE,TRUE,TRUE,,,,,
P31434_1_772_1xsj,['b3656'],['P31434'],Periplasm,{},nan,"{'go:0005975': 'carbohydrate metabolic process'}{'go:0061634': 'alpha-d-xyloside xylohydrolase', 'go:0080176': 'xyloglucan 1,6-alpha-xylosidase activity', 'go:0030246': 'carbohydrate binding', 'go:0042802': 'identical protein binding'}",,,,,,,,,,,,
P31450_2_206_6dux,['b3681'],['P31450'],Cytosol,{},,"{'go:0005975': 'carbohydrate metabolic process'}{'go:0046872': 'metal ion binding', 'go:0016616': 'oxidoreductase activity, acting on the ch-oh group of donors, nad or nadp as acceptor', 'go:0004553': 'hydrolase activity, hydrolyzing o-glycosyl compounds'}",,,,,,,,,,,,
P31574_3_313_4kpu,['b0042'],['P31574'],Unknown,{},nan,"{'go:0033539': 'fatty acid beta-oxidation using acyl-coa dehydrogenase', 'go:0009437': 'carnitine metabolic process', 'go:0042413': 'carnitine catabolic process'}{'go:0050660': 'flavin adenine dinucleotide binding', 'go:0009055': 'electron transfer activity'}",,,,,,,,,,,,
P31828_27_931_6ofs,['b1494'],['P31828'],Periplasm,{'go:0005829': 'cytosol'},periplasmic space // cytosol,"{}{'go:0046872': 'metal ion binding', 'go:0004222': 'metalloendopeptidase activity'}",TRUE,,,,TRUE,,TRUE,,,,,
P33025_5_311_4gim,['b2165'],['P33025'],Cytosol,{'go:0032991': 'protein-containing complex'},nan,"{'go:0046113': 'nucleobase catabolic process'}{'go:0004730': 'pseudouridylate synthase activity', 'go:0016798': 'hydrolase activity, acting on glycosyl bonds', 'go:0042802': 'identical protein binding', 'go:0030145': 'manganese ion binding'}",,,,,,,,,,,,
P33644_1_243_1u05,['b2593'],['P33644'],Periplasm,{'go:0005829': 'cytosol'},periplasmic space // cytosol,"{}{'go:0017061': 's-methyl-5-thioadenosine phosphorylase activity', 'go:0004731': 'purine-nucleoside phosphorylase activity', 'go:0004000': 'adenosine deaminase activity', 'go:0005507': 'copper ion binding', 'go:0016682': 'oxidoreductase activity, acting on diphenols and related substances as donors, oxygen as acceptor', 'go:0042803': 'protein homodimerization activity'}",TRUE,,,,TRUE,,TRUE,,,,,
P37595_2_314_3c17,['b0828'],['P37595'],Cytosol,{'go:0005737': 'cytoplasm'},cytosol // periplasmic space,"{'go:0016540': 'protein autoprocessing'}{'go:0016787': 'hydrolase activity', 'go:0008798': 'beta-aspartyl-peptidase activity', 'go:0004067': 'asparaginase activity'}",TRUE,TRUE,,,TRUE,,TRUE,,,,,
P37773_1_449_3hn7,['b4233'],['P37773'],Periplasm (IM-Associated),"{'go:0005737': 'cytoplasm', 'go:0005576': 'extracellular region'}",cytosol // extracellular space,"{'go:0009254': 'peptidoglycan turnover', 'go:0071555': 'cell wall organization', 'go:0008360': 'regulation of cell shape', 'go:0007049': 'cell cycle', 'go:0009252': 'peptidoglycan biosynthetic process', 'go:0051301': 'cell division'}{'go:0016881': 'acid-amino acid ligase activity', 'go:0042802': 'identical protein binding', 'go:0005524': 'atp binding'}",TRUE,TRUE,,,,,,,,TRUE,,
P39099_38_359_3stj,['b3234'],['P39099'],Periplasm,"{'go:0042597': 'periplasmic space', 'go:0071575': 'integral component of external side of plasma membrane'}",periplasmic space,"{'go:0006508': 'proteolysis', 'go:0051603': 'proteolysis involved in cellular protein catabolic process', 'go:0006515': 'protein quality control for misfolded or incompletely synthesized proteins'}{'go:0004252': 'serine-type endopeptidase activity', 'go:0008233': 'peptidase activity', 'go:0042802': 'identical protein binding'}",,,,,TRUE,TRUE,TRUE,,,,,
P39353_1_369_6o15,['b4280'],['P39353'],Unknown,{},nan,"{'go:0006974': 'cellular response to dna damage stimulus'}{'go:0016491': 'oxidoreductase activity', 'go:0000166': 'nucleotide binding'}",,,,,,,,,,,,
P39359_3_298_3nev,['b4298'],['P39359'],Cytosol,{'go:0005829': 'cytosol'},periplasmic space // cytosol,{'go:0046176': 'aldonic acid catabolic process'}{'go:0047440': '2-dehydro-3-deoxy-d-pentonate aldolase activity'},TRUE,,,,TRUE,,TRUE,,,,,
P45464_37_678_5vbg,['b3147'],['P45464'],Periplasm (OM-Associated),"{'go:0031241': 'periplasmic side of cell outer membrane', 'go:0009279': 'cell outer membrane', 'go:0042597': 'periplasmic space'}",periplasmic space // outer membrane,"{'go:0008360': 'regulation of cell shape', 'go:0009252': 'peptidoglycan biosynthetic process'}{'go:0030234': 'enzyme regulator activity', 'go:0004553': 'hydrolase activity, hydrolyzing o-glycosyl compounds'}",,,TRUE,,TRUE,TRUE,TRUE,,,,,
P64490_1_99_2jn8,['b1810'],['P64490'],Unknown,{},nan,{}{},,,,,,,,,,,,
P64496_1_60_1nei,['b1796'],['P64496'],Periplasm,{},nan,{}{},,,,,,,,,,,,
P64614_1_87_2noc,['b3238'],['P64614'],Periplasm,{'go:0042597': 'periplasmic space'},periplasmic space // cytosol,"{'go:0044011': 'single-species biofilm formation on inanimate substrate', 'go:0070301': 'cellular response to hydrogen peroxide', 'go:0071468': 'cellular response to acidic ph'}{}",TRUE,,,,TRUE,,TRUE,,,,,
P65367_1_149_2m6s,['b2790'],['P65367'],Unknown,{},nan,{}{'go:0010181': 'fmn binding'},,,,,,,,,,,,
P75883_23_248_3p42,['b0985'],['P75883'],Periplasm,{},nan,{}{},,,,,,,,,,,,
P75894_7_196_3bem,['b1008'],['P75894'],Cytosol,{},nan,"{'go:0006974': 'cellular response to dna damage stimulus', 'go:0019740': 'nitrogen utilization', 'go:0006208': 'pyrimidine nucleobase catabolic process', 'go:0006212': 'uracil catabolic process'}{'go:0035527': '3-hydroxypropionate dehydrogenase (nadp+) activity', 'go:0010181': 'fmn binding'}",,,,,,,,,,,,
P75895_1_266_3v48,['b1009'],['P75895'],Cytosol,{},nan,"{'go:0019740': 'nitrogen utilization', 'go:0006208': 'pyrimidine nucleobase catabolic process', 'go:0006212': 'uracil catabolic process'}{'go:0016787': 'hydrolase activity', 'go:0016811': 'hydrolase activity, acting on carbon-nitrogen (but not peptide) bonds, in linear amides'}",,,,,,,,,,,,
P75938_1_247_6jzr,['b1077'],['P75938'],Inner Membrane (No Area),{'go:0009425': 'bacterial-type flagellum basal body'},cell projection,"{'go:0071973': 'bacterial-type flagellum-dependent cell motility', 'go:0071978': 'bacterial-type flagellum-dependent swarming motility'}{}",,,,,,,,,,,,
P76041_4_559_1g5a,['b1309'],['P76041'],Cytosol,{},extracellular space // cytosol,{'go:0005975': 'carbohydrate metabolic process'}{'go:0110068': 'glucosylglycerate phosphorylase activity'},TRUE,,,,,,,,,TRUE,,
P76049_1_306_5xb6,['b1327'],['P76049'],Unknown,{},nan,{'go:0051301': 'cell division'}{},,,,,,,,,,,,
P76057_1_71_2kvv,['b1346'],['P76057'],Unknown,{},nan,{'go:0032359': 'provirus excision'}{'go:1990837': 'sequence-specific double-stranded dna binding'},,,,,,,,,,,,
P76096_3_54_2l3n,['b1420'],['P76096'],Unknown,{},nan,{}{},,,,,,,,,,,,
P76165_2_95_3c4r,['b1568'],['P76165'],Unknown,{},nan,{}{},,,,,,,,,,,,
P76196_2_118_1s4k,['b1689'],['P76196'],Cytosol,{},nan,{}{'go:0003677': 'dna binding'},,,,,,,,,,,,
P76402_1_110_2k8e,['b2080'],['P76402'],Cytosol,{},nan,{'go:0006302': 'double-strand break repair'}{},,,,,,,,,,,,
P76541_2_215_3gfh,['b2439'],['P76541'],Unknown,{'go:0031471': 'ethanolamine degradation polyhedral organelle'},nan,"{'go:0046336': 'ethanolamine catabolic process'}{'go:0008270': 'zinc ion binding', 'go:0042802': 'identical protein binding', 'go:0005198': 'structural molecule activity'}",,,,,,,,,,,,
P76578_57_1653_5a42,['b2520'],['P76578'],Periplasm (IM-Associated),"{'go:0031362': 'anchored component of external side of plasma membrane', 'go:0005615': 'extracellular space'}",extracellular space // inner membrane,{'go:0010951': 'negative regulation of endopeptidase activity'}{'go:0004866': 'endopeptidase inhibitor activity'},,,,,,TRUE,,TRUE,,TRUE,,
P77188_21_222_5dfk,['b0292'],['P77188'],Unknown,{},nan,{}{},,,,,,,,,,,,
P77374_48_808_1e60,['b1587'],['P77374'],Periplasm (IM-Associated),"{'go:0005886': 'plasma membrane', 'go:0030288': 'outer membrane-bounded periplasmic space'}",inner membrane // periplasmic space,"{'go:0009061': 'anaerobic respiration'}{'go:0043546': 'molybdopterin cofactor binding', 'go:0051539': '4 iron, 4 sulfur cluster binding', 'go:0033797': 'selenate reductase activity', 'go:0009389': 'dimethyl sulfoxide reductase activity', 'go:0030151': 'molybdenum ion binding', 'go:0009055': 'electron transfer activity'}",,,TRUE,TRUE,TRUE,TRUE,TRUE,TRUE,,,,
P77688_8_121_2k27,['b0502'],['P77688'],Unknown,{},nan,{}{},,,,,,,,,,,,
P78285_1_164_4zpu,['b0555'],['P78285'],Cytosol,{},nan,"{'go:0019835': 'cytolysis', 'go:0044659': 'viral release from host cell by cytolysis', 'go:0009253': 'peptidoglycan catabolic process', 'go:0042742': 'defense response to bacterium', 'go:0016998': 'cell wall macromolecule catabolic process'}{'go:0003796': 'lysozyme activity'}",,,,,,,,,,,,
PTRA_ECOLI_model1_clean_residues_removed,['b2821'],['P05458'],Periplasm,"{'go:0005737': 'cytoplasm', 'go:0030288': 'outer membrane-bounded periplasmic space'}",periplasmic space // cytosol,"{'go:0006508': 'proteolysis'}{'go:0004222': 'metalloendopeptidase activity', 'go:0008270': 'zinc ion binding'}",TRUE,TRUE,TRUE,TRUE,TRUE,TRUE,TRUE,,,,,
Q2EEQ2_1_45_6i7v,['b4506'],['Q2EEQ2'],Cytosol,{'go:0005840': 'ribosome'},ribosome,{'go:0006412': 'translation'}{'go:0003735': 'structural constituent of ribosome'},,,,,,,,,,,,
Q2EER5_1_47_3qvo,['b4525'],['Q2EER5'],Unknown,{},nan,{}{},,,,,,,,,,,,
Q46810_1_191_2waw,['b2877'],['Q46810'],Unknown,{},nan,"{'go:0006777': 'mo-molybdopterin cofactor biosynthetic process', 'go:1902760': 'mo(vi)-molybdopterin cytosine dinucleotide biosynthetic process'}{'go:0000287': 'magnesium ion binding', 'go:0061602': 'molybdenum cofactor cytidylyltransferase activity', 'go:0000166': 'nucleotide binding'}",,,,,,,,,,,,
Q46863_21_535_1rkm,['b3020'],['Q46863'],Periplasm (IM-Associated),"{'go:0043190': 'atp-binding cassette (abc) transporter complex', 'go:0030288': 'outer membrane-bounded periplasmic space'}",inner membrane // periplasmic space,"{'go:0015721': 'bile acid and bile salt transport', 'go:0015833': 'peptide transport'}{'go:1904680': 'peptide transmembrane transporter activity'}",,,TRUE,TRUE,TRUE,TRUE,TRUE,TRUE,,,,
Q47152_1_165_4er8,['b0228'],['Q47152'],Unknown,{},nan,"{'go:0006310': 'dna recombination', 'go:0006313': 'transposition, dna-mediated'}{'go:0043565': 'sequence-specific dna binding', 'go:0004803': 'transposase activity', 'go:0003677': 'dna binding', 'go:0000014': 'single-stranded dna endodeoxyribonuclease activity', 'go:0000405': 'bubble dna binding', 'go:0003697': 'single-stranded dna binding', 'go:0032448': 'dna hairpin binding'}",,,,,,,,,,,,
Q47270_1_48_6ny2,['b0548'],['Q47270'],Unknown,{},nan,{}{},,,,,,,,,,,,
Q47622_34_539_4qfl,['b1294'],['Q47622'],Periplasm (IM-Associated),"{'go:0043190': 'atp-binding cassette (abc) transporter complex', 'go:0030288': 'outer membrane-bounded periplasmic space'}",inner membrane // periplasmic space,{'go:0015833': 'peptide transport'}{'go:1904680': 'peptide transmembrane transporter activity'},,,TRUE,TRUE,TRUE,TRUE,TRUE,TRUE,,,,
RSSA_ECOLI_model1_clean_residues_removed,['b1234'],['P0AFR0'],Cytosol,{},extracellular space // cytosol,"{'go:0046470': 'phosphatidylcholine metabolic process', 'go:0016042': 'lipid catabolic process'}{'go:0004622': 'lysophospholipase activity'}",TRUE,,,,,,,,,TRUE,,
YABP_ECOLI_model1_clean_residues_removed,['b0056'],['P39220'],Unknown,{},nan,{}{},,,,,,,,,,,,
YABQ_ECOLI_model1_clean_residues_removed,['b0057'],['P39221'],Unknown,{},nan,{}{},,,,,,,,,,,,
YBAV_ECOLI_model1_clean_residues_removed,['b0442'],['P0AAR8'],Periplasm (IM-Associated),"{'go:0015627': 'type ii protein secretion system complex', 'go:0030288': 'outer membrane-bounded periplasmic space'}",inner membrane // periplasmic space,"{'go:0015628': 'protein secretion by the type ii secretion system', 'go:0006281': 'dna repair'}{'go:0003677': 'dna binding'}",,,TRUE,TRUE,TRUE,TRUE,TRUE,TRUE,,,,
YBFG_ECOLI_model1_clean_residues_removed,['b0691'],['P37003'],Unknown,{},nan,{}{},,,,,,,,,,,,
YCEQ_ECOLI_model1_clean_residues_removed,['b1085'],['P62066'],Unknown,{},nan,{}{},,,,,,,,,,,,
YCGX_ECOLI_model1_clean_residues_removed,['b1161'],['P75988'],Unknown,{},nan,{}{},,,,,,,,,,,,
YCGY_ECOLI_model1_clean_residues_removed,['b1196'],['P76012'],Unknown,{},nan,{}{},,,,,,,,,,,,
YDFO_ECOLI_model1_clean_residues_removed,['b1549'],['P76156'],Unknown,{},nan,{}{},,,,,,,,,,,,
YGEF_ECOLI_model1_clean_residues_removed,['b2850'],['Q46786'],Unknown,{},nan,{}{},,,,,,,,,,,,
YIBT_ECOLI_model1_clean_residues_removed,['b4554'],['Q2M7R5'],Unknown,{},nan,{'go:1901422': 'response to butan-1-ol'}{},,,,,,,,,,,,
YIIX_ECOLI_model1_clean_residues_removed,['b3937'],['P32167'],Unknown,{},nan,{}{},,,,,,,,,,,,
YKFF_ECOLI_model1_clean_residues_removed,['b0249'],['P75677'],Unknown,{},nan,{}{},,,,,,,,,,,,
YKGL_ECOLI_model1_clean_residues_removed,['b0295'],['P56257'],Unknown,{},nan,{}{},,,,,,,,,,,,
YLCH_ECOLI_model1_clean_residues_removed,['b4588'],['Q47268'],Unknown,{},nan,{}{},,,,,,,,,,,,
YNEL_ECOLI_model1_clean_residues_removed,['b1506'],['P76138'],Unknown,{},nan,"{}{'go:0003700': 'dna-binding transcription factor activity', 'go:0043565': 'sequence-specific dna binding'}",,,,,,,,,,,,
YQEK_ECOLI_model1_clean_residues_removed,['b2849'],['P77136'],Unknown,{},nan,{}{},,,,,,,,,,,,
b2489_1__b2487_1__b2481_1__b2488_1__AlphaMulti,"['b2481', 'b2487', 'b2489', 'b2488']","['P77329', 'P23481', 'P77668', 'P77423']",Cytosol (IM-Associated),{}{}{}{'go:0045272': 'plasma membrane respiratory chain complex i'},cytosolcytosol // membraneinner membraneinner membrane // periplasmic space,"{}{'go:0016151': 'nickel cation binding', 'go:0051539': '4 iron, 4 sulfur cluster binding', 'go:0008137': 'nadh dehydrogenase (ubiquinone) activity', 'go:0051287': 'nad binding', 'go:0048038': 'quinone binding', 'go:0051540': 'metal cluster binding'}{}{'go:0046872': 'metal ion binding', 'go:0051539': '4 iron, 4 sulfur cluster binding', 'go:0016491': 'oxidoreductase activity'}{}{'go:0008137': 'nadh dehydrogenase (ubiquinone) activity', 'go:0048038': 'quinone binding', 'go:0046872': 'metal ion binding', 'go:0051539': '4 iron, 4 sulfur cluster binding'}{'go:0009060': 'aerobic respiration'}{'go:0046872': 'metal ion binding', 'go:0051539': '4 iron, 4 sulfur cluster binding', 'go:0016651': 'oxidoreductase activity, acting on nad(p)h'}",TRUE,,,,TRUE,TRUE,TRUE,TRUE,,,,
b3846_2__AlphaMulti,['b3846'],['P21177'],Cytosol,{'go:0036125': 'fatty acid beta-oxidation multienzyme complex'},nan,"{'go:0006635': 'fatty acid beta-oxidation'}{'go:0004165': 'dodecenoyl-coa delta-isomerase activity', 'go:0004300': 'enoyl-coa hydratase activity', 'go:0008692': '3-hydroxybutyryl-coa epimerase activity', 'go:0070403': 'nad+ binding', 'go:0003857': '3-hydroxyacyl-coa dehydrogenase activity', 'go:0016509': 'long-chain-3-hydroxyacyl-coa dehydrogenase activity'}",,,,,,,,,,,,
