,residues_removed_IDs,residues_removed,model_similarity,model_filepath,iterations,new_model_filepath
AAEA_ECOLI_model1_clean.pdb,[],0.0,1.0,../../../../../../../mnt/wwn-0x5000c500b96b98e1-part1/QSPACE_install/structures/all_itasser_clean/AAEA_ECOLI_model1_clean.pdb,1,../../../../../../../mnt/wwn-0x5000c500b96b98e1-part1/QSPACE_install/structures/all_itasser_clean_string_removed/AAEA_ECOLI_model1_clean_residues_removed.pdb
AAEB_ECOLI_model1_clean.pdb,[],0.0,1.0,../../../../../../../mnt/wwn-0x5000c500b96b98e1-part1/QSPACE_install/structures/all_itasser_clean/AAEB_ECOLI_model1_clean.pdb,1,../../../../../../../mnt/wwn-0x5000c500b96b98e1-part1/QSPACE_install/structures/all_itasser_clean_string_removed/AAEB_ECOLI_model1_clean_residues_removed.pdb
ACKA_ECOLI_model1_clean.pdb,[],0.0,1.0,../../../../../../../mnt/wwn-0x5000c500b96b98e1-part1/QSPACE_install/structures/all_itasser_clean/ACKA_ECOLI_model1_clean.pdb,1,../../../../../../../mnt/wwn-0x5000c500b96b98e1-part1/QSPACE_install/structures/all_itasser_clean_string_removed/ACKA_ECOLI_model1_clean_residues_removed.pdb
ACRA_ECOLI_model1_clean.pdb,[],0.0,1.0,../../../../../../../mnt/wwn-0x5000c500b96b98e1-part1/QSPACE_install/structures/all_itasser_clean/ACRA_ECOLI_model1_clean.pdb,1,../../../../../../../mnt/wwn-0x5000c500b96b98e1-part1/QSPACE_install/structures/all_itasser_clean_string_removed/ACRA_ECOLI_model1_clean_residues_removed.pdb
ACRB_ECOLI_model1_clean.pdb,[],0.0,1.0,../../../../../../../mnt/wwn-0x5000c500b96b98e1-part1/QSPACE_install/structures/all_itasser_clean/ACRB_ECOLI_model1_clean.pdb,1,../../../../../../../mnt/wwn-0x5000c500b96b98e1-part1/QSPACE_install/structures/all_itasser_clean_string_removed/ACRB_ECOLI_model1_clean_residues_removed.pdb
AROE_ECOLI_model1_clean.pdb,[],0.0,1.0,../../../../../../../mnt/wwn-0x5000c500b96b98e1-part1/QSPACE_install/structures/all_itasser_clean/AROE_ECOLI_model1_clean.pdb,1,../../../../../../../mnt/wwn-0x5000c500b96b98e1-part1/QSPACE_install/structures/all_itasser_clean_string_removed/AROE_ECOLI_model1_clean_residues_removed.pdb
CAIF_ECOLI_model1_clean.pdb,[],0.0,1.0,../../../../../../../mnt/wwn-0x5000c500b96b98e1-part1/QSPACE_install/structures/all_itasser_clean/CAIF_ECOLI_model1_clean.pdb,1,../../../../../../../mnt/wwn-0x5000c500b96b98e1-part1/QSPACE_install/structures/all_itasser_clean_string_removed/CAIF_ECOLI_model1_clean_residues_removed.pdb
CSPD_ECOLI_model1_clean.pdb,[],0.0,1.0,../../../../../../../mnt/wwn-0x5000c500b96b98e1-part1/QSPACE_install/structures/all_itasser_clean/CSPD_ECOLI_model1_clean.pdb,1,../../../../../../../mnt/wwn-0x5000c500b96b98e1-part1/QSPACE_install/structures/all_itasser_clean_string_removed/CSPD_ECOLI_model1_clean_residues_removed.pdb
HOFB_ECOLI_model1_clean.pdb,"['X_1', 'X_2', 'X_3', 'X_4', 'X_5', 'X_6', 'X_7', 'X_8', 'X_9', 'X_10', 'X_11', 'X_12', 'X_13', 'X_14', 'X_15', 'X_16', 'X_17', 'X_18', 'X_19', 'X_20', 'X_21', 'X_22', 'X_23', 'X_24', 'X_25', 'X_26', 'X_27', 'X_28', 'X_29', 'X_30', 'X_31', 'X_32', 'X_33', 'X_34', 'X_35', 'X_36', 'X_37', 'X_38', 'X_39', 'X_40', 'X_41', 'X_42', 'X_43', 'X_44', 'X_45', 'X_46', 'X_47', 'X_48', 'X_49', 'X_50', 'X_51', 'X_52', 'X_53', 'X_54']",0.11713665943600868,0.8828633405639913,../../../../../../../mnt/wwn-0x5000c500b96b98e1-part1/QSPACE_install/structures/all_itasser_clean/HOFB_ECOLI_model1_clean.pdb,4,../../../../../../../mnt/wwn-0x5000c500b96b98e1-part1/QSPACE_install/structures/all_itasser_clean_string_removed/HOFB_ECOLI_model1_clean_residues_removed.pdb
INSI1_ECOLI_model1_clean.pdb,[],0.0,1.0,../../../../../../../mnt/wwn-0x5000c500b96b98e1-part1/QSPACE_install/structures/all_itasser_clean/INSI1_ECOLI_model1_clean.pdb,1,../../../../../../../mnt/wwn-0x5000c500b96b98e1-part1/QSPACE_install/structures/all_itasser_clean_string_removed/INSI1_ECOLI_model1_clean_residues_removed.pdb
LPXD_ECOLI_model1_clean.pdb,[],0.0,1.0,../../../../../../../mnt/wwn-0x5000c500b96b98e1-part1/QSPACE_install/structures/all_itasser_clean/LPXD_ECOLI_model1_clean.pdb,1,../../../../../../../mnt/wwn-0x5000c500b96b98e1-part1/QSPACE_install/structures/all_itasser_clean_string_removed/LPXD_ECOLI_model1_clean_residues_removed.pdb
MACA_ECOLI_model1_clean.pdb,[],0.0,1.0,../../../../../../../mnt/wwn-0x5000c500b96b98e1-part1/QSPACE_install/structures/all_itasser_clean/MACA_ECOLI_model1_clean.pdb,1,../../../../../../../mnt/wwn-0x5000c500b96b98e1-part1/QSPACE_install/structures/all_itasser_clean_string_removed/MACA_ECOLI_model1_clean_residues_removed.pdb
MACB_ECOLI_model1_clean.pdb,"['X_587', 'X_588', 'X_589', 'X_590', 'X_591', 'X_592', 'X_593', 'X_594', 'X_595', 'X_596', 'X_597', 'X_598', 'X_599', 'X_600', 'X_601', 'X_602', 'X_603', 'X_604', 'X_605', 'X_606', 'X_607', 'X_608', 'X_609', 'X_610', 'X_611', 'X_612', 'X_613', 'X_614', 'X_615', 'X_616', 'X_617', 'X_618', 'X_619', 'X_620', 'X_621', 'X_622', 'X_623', 'X_624', 'X_625', 'X_626', 'X_627', 'X_628', 'X_629', 'X_630', 'X_631', 'X_632', 'X_633', 'X_634', 'X_635', 'X_636', 'X_637', 'X_638', 'X_639', 'X_640', 'X_641', 'X_642', 'X_643', 'X_644', 'X_645', 'X_646', 'X_647', 'X_648', 'X_559', 'X_560', 'X_561', 'X_562', 'X_563', 'X_564', 'X_565', 'X_566', 'X_567', 'X_568', 'X_569', 'X_570', 'X_571', 'X_572', 'X_573', 'X_574', 'X_575', 'X_576', 'X_577', 'X_578', 'X_579', 'X_580', 'X_581', 'X_582', 'X_583', 'X_584', 'X_585', 'X_586', 'X_558', 'X_557']",0.1419753086419753,0.8580246913580247,../../../../../../../mnt/wwn-0x5000c500b96b98e1-part1/QSPACE_install/structures/all_itasser_clean/MACB_ECOLI_model1_clean.pdb,5,../../../../../../../mnt/wwn-0x5000c500b96b98e1-part1/QSPACE_install/structures/all_itasser_clean_string_removed/MACB_ECOLI_model1_clean_residues_removed.pdb
MALZ_ECOLI_model1_clean.pdb,[],0.0,1.0,../../../../../../../mnt/wwn-0x5000c500b96b98e1-part1/QSPACE_install/structures/all_itasser_clean/MALZ_ECOLI_model1_clean.pdb,1,../../../../../../../mnt/wwn-0x5000c500b96b98e1-part1/QSPACE_install/structures/all_itasser_clean_string_removed/MALZ_ECOLI_model1_clean_residues_removed.pdb
NARL_ECOLI_model1_clean.pdb,[],0.0,1.0,../../../../../../../mnt/wwn-0x5000c500b96b98e1-part1/QSPACE_install/structures/all_itasser_clean/NARL_ECOLI_model1_clean.pdb,1,../../../../../../../mnt/wwn-0x5000c500b96b98e1-part1/QSPACE_install/structures/all_itasser_clean_string_removed/NARL_ECOLI_model1_clean_residues_removed.pdb
PROV_ECOLI_model1_clean.pdb,[],0.0,1.0,../../../../../../../mnt/wwn-0x5000c500b96b98e1-part1/QSPACE_install/structures/all_itasser_clean/PROV_ECOLI_model1_clean.pdb,1,../../../../../../../mnt/wwn-0x5000c500b96b98e1-part1/QSPACE_install/structures/all_itasser_clean_string_removed/PROV_ECOLI_model1_clean_residues_removed.pdb
PROW_ECOLI_model1_clean.pdb,"['X_1', 'X_2', 'X_3', 'X_4', 'X_5', 'X_6', 'X_7', 'X_8', 'X_9', 'X_10', 'X_11', 'X_12', 'X_13', 'X_14', 'X_15', 'X_16', 'X_17', 'X_18', 'X_19', 'X_20', 'X_21', 'X_22', 'X_23', 'X_24', 'X_25', 'X_26', 'X_27', 'X_28', 'X_29', 'X_30', 'X_31', 'X_32', 'X_33', 'X_34', 'X_35', 'X_36', 'X_37', 'X_38', 'X_39', 'X_40', 'X_41', 'X_42', 'X_43', 'X_44', 'X_45', 'X_46', 'X_47', 'X_48', 'X_49', 'X_50', 'X_51', 'X_52', 'X_53', 'X_54', 'X_55', 'X_56', 'X_57', 'X_58', 'X_59', 'X_60', 'X_61', 'X_62', 'X_63', 'X_64', 'X_65', 'X_66', 'X_67', 'X_68', 'X_69', 'X_70', 'X_71', 'X_72', 'X_73', 'X_74', 'X_75', 'X_76', 'X_77', 'X_78', 'X_79', 'X_80', 'X_81', 'X_82', 'X_83', 'X_84', 'X_85', 'X_86', 'X_87', 'X_88', 'X_89', 'X_90', 'X_91', 'X_92', 'X_93', 'X_94', 'X_95', 'X_96', 'X_97', 'X_98', 'X_99', 'X_100', 'X_101', 'X_102', 'X_103', 'X_104', 'X_105', 'X_106', 'X_107', 'X_108', 'X_109', 'X_110', 'X_111', 'X_112', 'X_113', 'X_114', 'X_115', 'X_116', 'X_117', 'X_118', 'X_119', 'X_120', 'X_121', 'X_122', 'X_123', 'X_124']",0.3502824858757062,0.6497175141242938,../../../../../../../mnt/wwn-0x5000c500b96b98e1-part1/QSPACE_install/structures/all_itasser_clean/PROW_ECOLI_model1_clean.pdb,9,../../../../../../../mnt/wwn-0x5000c500b96b98e1-part1/QSPACE_install/structures/all_itasser_clean_string_removed/PROW_ECOLI_model1_clean_residues_removed.pdb
PROX_ECOLI_model1_clean.pdb,"['X_6', 'X_7', 'X_8', 'X_9', 'X_10', 'X_11', 'X_12', 'X_13', 'X_5', 'X_14', 'X_3', 'X_4']",0.03636363636363636,0.9636363636363636,../../../../../../../mnt/wwn-0x5000c500b96b98e1-part1/QSPACE_install/structures/all_itasser_clean/PROX_ECOLI_model1_clean.pdb,4,../../../../../../../mnt/wwn-0x5000c500b96b98e1-part1/QSPACE_install/structures/all_itasser_clean_string_removed/PROX_ECOLI_model1_clean_residues_removed.pdb
RECX_ECOLI_model1_clean.pdb,[],0.0,1.0,../../../../../../../mnt/wwn-0x5000c500b96b98e1-part1/QSPACE_install/structures/all_itasser_clean/RECX_ECOLI_model1_clean.pdb,1,../../../../../../../mnt/wwn-0x5000c500b96b98e1-part1/QSPACE_install/structures/all_itasser_clean_string_removed/RECX_ECOLI_model1_clean_residues_removed.pdb
RIHA_ECOLI_model1_clean.pdb,[],0.0,1.0,../../../../../../../mnt/wwn-0x5000c500b96b98e1-part1/QSPACE_install/structures/all_itasser_clean/RIHA_ECOLI_model1_clean.pdb,1,../../../../../../../mnt/wwn-0x5000c500b96b98e1-part1/QSPACE_install/structures/all_itasser_clean_string_removed/RIHA_ECOLI_model1_clean_residues_removed.pdb
STHA_ECOLI_model1_clean.pdb,[],0.0,1.0,../../../../../../../mnt/wwn-0x5000c500b96b98e1-part1/QSPACE_install/structures/all_itasser_clean/STHA_ECOLI_model1_clean.pdb,1,../../../../../../../mnt/wwn-0x5000c500b96b98e1-part1/QSPACE_install/structures/all_itasser_clean_string_removed/STHA_ECOLI_model1_clean_residues_removed.pdb
TOLC_ECOLI_model1_clean.pdb,[],0.0,1.0,../../../../../../../mnt/wwn-0x5000c500b96b98e1-part1/QSPACE_install/structures/all_itasser_clean/TOLC_ECOLI_model1_clean.pdb,1,../../../../../../../mnt/wwn-0x5000c500b96b98e1-part1/QSPACE_install/structures/all_itasser_clean_string_removed/TOLC_ECOLI_model1_clean_residues_removed.pdb
YBIO_ECOLI_model1_clean.pdb,[],0.0,1.0,../../../../../../../mnt/wwn-0x5000c500b96b98e1-part1/QSPACE_install/structures/all_itasser_clean/YBIO_ECOLI_model1_clean.pdb,1,../../../../../../../mnt/wwn-0x5000c500b96b98e1-part1/QSPACE_install/structures/all_itasser_clean_string_removed/YBIO_ECOLI_model1_clean_residues_removed.pdb
YFCS_ECOLI_model1_clean.pdb,"['X_1', 'X_2', 'X_3', 'X_4', 'X_6', 'X_7', 'X_5']",0.028,0.972,../../../../../../../mnt/wwn-0x5000c500b96b98e1-part1/QSPACE_install/structures/all_itasser_clean/YFCS_ECOLI_model1_clean.pdb,4,../../../../../../../mnt/wwn-0x5000c500b96b98e1-part1/QSPACE_install/structures/all_itasser_clean_string_removed/YFCS_ECOLI_model1_clean_residues_removed.pdb
