,gene_stoich,cobraME-enzyme,description,cobrame,unmodelled,ecocyc,monomer_type,k_mer,gene_string,len_gene_string
CPLX0-3301,{'b0880': 2},,DNA replication inhibitor CspD,,,True,mono,2,MEKGTVKWFNNAKGFGFICPEGGGEDIFAHYSTIQMDGYRTLKAGQSVQFDVHQGPKGNHASVIVPVEVEAAVA:MEKGTVKWFNNAKGFGFICPEGGGEDIFAHYSTIQMDGYRTLKAGQSVQFDVHQGPKGNHASVIVPVEVEAAVA,149
CPLX0-4,"{'b3240': 3, 'b3241': 6}",,aromatic carboxylic acid efflux pump = [AaeA][AaeB],,,True,hetero,9,MGIFSIANQHIRFAVKLATAIVLALFVGFHFQLETPRWAVLTAAIVAAGTAFAAGGEPYSGAIRYRGFLRIIGTFIGCIAGLVIIIAMIRAPLLMILVCCIWAGFCTWISSLVRIENSYAWGLAGYTALIIVITIQPEPLLTPQFAVERCSEIVIGIVCAIMADLLFSPRSIKQEVDRELESLLVAQYQLMQLCIKHGDGEVVDKAWGDLVRRTTALQGMRSNLNMESSRWARANRRLKAINTLSLTLITQSCETYLIQNTRPELITDTFREFFDTPVETAQDVHKQLKRLRRVIAWTGERETPVTIYSWVAAATRYQLLKRGVISNTKINATEEEILQGEPEVKVESAERHHAMVNFWRTTLSCILGTLFWLWTGWTSGSGAMVMIAVVTSLAMRLPNPRMVAIDFIYGTLAALPLGLLYFLVIIPNTQQSMLLLCISLAVLGFFLGIEVQKRRLGSMGALASTINIIVLDNPMTFHFSQFLDSALGQIVGCVLAFTVILLVRDKSRDRTGRVLLNQFVSAAVSAMTTNVARRKENHLPALYQQLFLLMNKFPGDLPKFRLALTMIIAHQRLRDAPIPVNEDLSAFHRQMRRTADHVISARSDDKRRRYFGQLLEELEIYQEKLRIWQAPPQVTEPVNRLAGMLHKYQHALTDS:MGIFSIANQHIRFAVKLATAIVLALFVGFHFQLETPRWAVLTAAIVAAGTAFAAGGEPYSGAIRYRGFLRIIGTFIGCIAGLVIIIAMIRAPLLMILVCCIWAGFCTWISSLVRIENSYAWGLAGYTALIIVITIQPEPLLTPQFAVERCSEIVIGIVCAIMADLLFSPRSIKQEVDRELESLLVAQYQLMQLCIKHGDGEVVDKAWGDLVRRTTALQGMRSNLNMESSRWARANRRLKAINTLSLTLITQSCETYLIQNTRPELITDTFREFFDTPVETAQDVHKQLKRLRRVIAWTGERETPVTIYSWVAAATRYQLLKRGVISNTKINATEEEILQGEPEVKVESAERHHAMVNFWRTTLSCILGTLFWLWTGWTSGSGAMVMIAVVTSLAMRLPNPRMVAIDFIYGTLAALPLGLLYFLVIIPNTQQSMLLLCISLAVLGFFLGIEVQKRRLGSMGALASTINIIVLDNPMTFHFSQFLDSALGQIVGCVLAFTVILLVRDKSRDRTGRVLLNQFVSAAVSAMTTNVARRKENHLPALYQQLFLLMNKFPGDLPKFRLALTMIIAHQRLRDAPIPVNEDLSAFHRQMRRTADHVISARSDDKRRRYFGQLLEELEIYQEKLRIWQAPPQVTEPVNRLAGMLHKYQHALTDS:MGIFSIANQHIRFAVKLATAIVLALFVGFHFQLETPRWAVLTAAIVAAGTAFAAGGEPYSGAIRYRGFLRIIGTFIGCIAGLVIIIAMIRAPLLMILVCCIWAGFCTWISSLVRIENSYAWGLAGYTALIIVITIQPEPLLTPQFAVERCSEIVIGIVCAIMADLLFSPRSIKQEVDRELESLLVAQYQLMQLCIKHGDGEVVDKAWGDLVRRTTALQGMRSNLNMESSRWARANRRLKAINTLSLTLITQSCETYLIQNTRPELITDTFREFFDTPVETAQDVHKQLKRLRRVIAWTGERETPVTIYSWVAAATRYQLLKRGVISNTKINATEEEILQGEPEVKVESAERHHAMVNFWRTTLSCILGTLFWLWTGWTSGSGAMVMIAVVTSLAMRLPNPRMVAIDFIYGTLAALPLGLLYFLVIIPNTQQSMLLLCISLAVLGFFLGIEVQKRRLGSMGALASTINIIVLDNPMTFHFSQFLDSALGQIVGCVLAFTVILLVRDKSRDRTGRVLLNQFVSAAVSAMTTNVARRKENHLPALYQQLFLLMNKFPGDLPKFRLALTMIIAHQRLRDAPIPVNEDLSAFHRQMRRTADHVISARSDDKRRRYFGQLLEELEIYQEKLRIWQAPPQVTEPVNRLAGMLHKYQHALTDS:MKTLIRKFSRTAITVVLVILAFIAIFNAWVYYTESPWTRDARFSADVVAIAPDVSGLITQVNVHDNQLVKKGQILFTIDQPRYQKALEEAQADVAYYQVLAQEKRQEAGRRNRLGVQAMSREEIDQANNVLQTVLHQLAKAQATRDLAKLDLERTVIRAPADGWVTNLNVYTGEFITRGSTAVALVKQNSFYVLAYMEETKLEGVRPGYRAEITPLGSNKVLKGTVDSVAAGVTNASSTRDDKGMATIDSNLEWVRLAQRVPVRIRLDNQQENIWPAGTTATVVVTGKQDRDESQDSFFRKMAHRLREFG:MKTLIRKFSRTAITVVLVILAFIAIFNAWVYYTESPWTRDARFSADVVAIAPDVSGLITQVNVHDNQLVKKGQILFTIDQPRYQKALEEAQADVAYYQVLAQEKRQEAGRRNRLGVQAMSREEIDQANNVLQTVLHQLAKAQATRDLAKLDLERTVIRAPADGWVTNLNVYTGEFITRGSTAVALVKQNSFYVLAYMEETKLEGVRPGYRAEITPLGSNKVLKGTVDSVAAGVTNASSTRDDKGMATIDSNLEWVRLAQRVPVRIRLDNQQENIWPAGTTATVVVTGKQDRDESQDSFFRKMAHRLREFG:MKTLIRKFSRTAITVVLVILAFIAIFNAWVYYTESPWTRDARFSADVVAIAPDVSGLITQVNVHDNQLVKKGQILFTIDQPRYQKALEEAQADVAYYQVLAQEKRQEAGRRNRLGVQAMSREEIDQANNVLQTVLHQLAKAQATRDLAKLDLERTVIRAPADGWVTNLNVYTGEFITRGSTAVALVKQNSFYVLAYMEETKLEGVRPGYRAEITPLGSNKVLKGTVDSVAAGVTNASSTRDDKGMATIDSNLEWVRLAQRVPVRIRLDNQQENIWPAGTTATVVVTGKQDRDESQDSFFRKMAHRLREFG:MKTLIRKFSRTAITVVLVILAFIAIFNAWVYYTESPWTRDARFSADVVAIAPDVSGLITQVNVHDNQLVKKGQILFTIDQPRYQKALEEAQADVAYYQVLAQEKRQEAGRRNRLGVQAMSREEIDQANNVLQTVLHQLAKAQATRDLAKLDLERTVIRAPADGWVTNLNVYTGEFITRGSTAVALVKQNSFYVLAYMEETKLEGVRPGYRAEITPLGSNKVLKGTVDSVAAGVTNASSTRDDKGMATIDSNLEWVRLAQRVPVRIRLDNQQENIWPAGTTATVVVTGKQDRDESQDSFFRKMAHRLREFG:MKTLIRKFSRTAITVVLVILAFIAIFNAWVYYTESPWTRDARFSADVVAIAPDVSGLITQVNVHDNQLVKKGQILFTIDQPRYQKALEEAQADVAYYQVLAQEKRQEAGRRNRLGVQAMSREEIDQANNVLQTVLHQLAKAQATRDLAKLDLERTVIRAPADGWVTNLNVYTGEFITRGSTAVALVKQNSFYVLAYMEETKLEGVRPGYRAEITPLGSNKVLKGTVDSVAAGVTNASSTRDDKGMATIDSNLEWVRLAQRVPVRIRLDNQQENIWPAGTTATVVVTGKQDRDESQDSFFRKMAHRLREFG:MKTLIRKFSRTAITVVLVILAFIAIFNAWVYYTESPWTRDARFSADVVAIAPDVSGLITQVNVHDNQLVKKGQILFTIDQPRYQKALEEAQADVAYYQVLAQEKRQEAGRRNRLGVQAMSREEIDQANNVLQTVLHQLAKAQATRDLAKLDLERTVIRAPADGWVTNLNVYTGEFITRGSTAVALVKQNSFYVLAYMEETKLEGVRPGYRAEITPLGSNKVLKGTVDSVAAGVTNASSTRDDKGMATIDSNLEWVRLAQRVPVRIRLDNQQENIWPAGTTATVVVTGKQDRDESQDSFFRKMAHRLREFG,3833
CPLX0-7666,{'b0034': 2},,DNA-binding transcriptional activator CaiF,,,True,mono,2,MCEGYVEKPLYLLIAEWMMAENRWVIAREISIHFDIEHSKAVNTLTYILSEVTEISCEVKMIPNKLEGRGCQCQRLVKVVDIDEQIYARLRNNSREKLVGVRKTPRIPAVPLTELNREQKWQMMLSKSMRR:MCEGYVEKPLYLLIAEWMMAENRWVIAREISIHFDIEHSKAVNTLTYILSEVTEISCEVKMIPNKLEGRGCQCQRLVKVVDIDEQIYARLRNNSREKLVGVRKTPRIPAVPLTELNREQKWQMMLSKSMRR,263
CPLX0-7964,{'b3035': 3},EG11009-MONOMER,outer membrane channel TolC,True,,True,mono,3,MKKLLPILIGLSLSGFSSLSQAENLMQVYQQARLSNPELRKSAADRDAAFEKINEARSPLLPQLGLGADYTYSNGYRDANGINSNATSASLQLTQSIFDMSKWRALTLQEKAAGIQDVTYQTDQQTLILNTATAYFNVLNAIDVLSYTQAQKEAIYRQLDQTTQRFNVGLVAITDVQNARAQYDTVLANEVTARNNLDNAVEQLRQITGNYYPELAALNVENFKTDKPQPVNALLKEAEKRNLSLLQARLSQDLAREQIRQAQDGHLPTLDLTASTGISDTSYSGSKTRGAAGTQYDDSNMGQNKVGLSFSLPIYQGGMVNSQVKQAQYNFVGASEQLESAHRSVVQTVRSSFNNINASISSINAYKQAVVSAQSSLDAMEAGYSVGTRTIVDVLDATTTLYNAKQELANARYNYLINQLNIKSALGTLNEQDLLALNNALSKPVSTNPENVAPQTPEQNAIADGYAPDSPAPVVQQTSARTTTSNGHNPFRN:MKKLLPILIGLSLSGFSSLSQAENLMQVYQQARLSNPELRKSAADRDAAFEKINEARSPLLPQLGLGADYTYSNGYRDANGINSNATSASLQLTQSIFDMSKWRALTLQEKAAGIQDVTYQTDQQTLILNTATAYFNVLNAIDVLSYTQAQKEAIYRQLDQTTQRFNVGLVAITDVQNARAQYDTVLANEVTARNNLDNAVEQLRQITGNYYPELAALNVENFKTDKPQPVNALLKEAEKRNLSLLQARLSQDLAREQIRQAQDGHLPTLDLTASTGISDTSYSGSKTRGAAGTQYDDSNMGQNKVGLSFSLPIYQGGMVNSQVKQAQYNFVGASEQLESAHRSVVQTVRSSFNNINASISSINAYKQAVVSAQSSLDAMEAGYSVGTRTIVDVLDATTTLYNAKQELANARYNYLINQLNIKSALGTLNEQDLLALNNALSKPVSTNPENVAPQTPEQNAIADGYAPDSPAPVVQQTSARTTTSNGHNPFRN:MKKLLPILIGLSLSGFSSLSQAENLMQVYQQARLSNPELRKSAADRDAAFEKINEARSPLLPQLGLGADYTYSNGYRDANGINSNATSASLQLTQSIFDMSKWRALTLQEKAAGIQDVTYQTDQQTLILNTATAYFNVLNAIDVLSYTQAQKEAIYRQLDQTTQRFNVGLVAITDVQNARAQYDTVLANEVTARNNLDNAVEQLRQITGNYYPELAALNVENFKTDKPQPVNALLKEAEKRNLSLLQARLSQDLAREQIRQAQDGHLPTLDLTASTGISDTSYSGSKTRGAAGTQYDDSNMGQNKVGLSFSLPIYQGGMVNSQVKQAQYNFVGASEQLESAHRSVVQTVRSSFNNINASISSINAYKQAVVSAQSSLDAMEAGYSVGTRTIVDVLDATTTLYNAKQELANARYNYLINQLNIKSALGTLNEQDLLALNNALSKPVSTNPENVAPQTPEQNAIADGYAPDSPAPVVQQTSARTTTSNGHNPFRN,1481
CPLX0-7983,{'b0808': 7},,moderate conductance mechanosensitive channel YbiO,,,True,mono,7,MRWILFILFCLLGAPAHAVSIPGVTTTTTTDSTTEPAPEPDIEQKKAAYGALADVLDNDTSRKELIDQLRTVAATPPAEPVPKIVPPTLVEEQTVLQKVTEVSRHYGEALSARFGQLYRNITGSPHKPFNPQTFSNALTHFSMLAVLVFGFYWLIRLCALPLYRKMGQWARQKNRERSNWLQLPAMIIGAFIIDLLLLALTLFVGQVLSDNLNAGSRTIAFQQSLFLNAFALIEFFKAVLRLIFCPNVAELRPFTIQDESARYWSRRLSWLSSLIGYGLIVAVPIISNQVNVQIGALANVIIMLCMTVWALYLIFRNKKEITQHLLNFAEHSLAFFSLFIRAFALVWHWLASAYFIVLFFFSLFDPGNSLKFMMGATVRSLAIIGIAAFVSGMFSRWLAKTITLSPHTQRNYPELQKRLNGWLSAALKTARILTVCVAVMLLLSAWGLFDFWNWLQNGAGQKTVDILIRIALILFFSAVGWTVLASLIENRLASDIHGRPLPSARTRTLLTLFRNALAVIISTITIMIVLSEIGVNIAPLLAGAGALGLAISFGSQTLVKDIITGVFIQFENGMNTGDLVTIGPLTGTVERMSIRSVGVRQDTGAYHIIPWSSITTFANFVRGIGSVVANYDVDRHEDADKANQALKDAVAELMENEEIRGLIIGEPNFAGIVGLSNTAFTLRVSFTTLPLKQWTVRFALDSQVKKHFDLAGVRAPVQTYQVLPAPGATPAEPLPPGEPTL:MRWILFILFCLLGAPAHAVSIPGVTTTTTTDSTTEPAPEPDIEQKKAAYGALADVLDNDTSRKELIDQLRTVAATPPAEPVPKIVPPTLVEEQTVLQKVTEVSRHYGEALSARFGQLYRNITGSPHKPFNPQTFSNALTHFSMLAVLVFGFYWLIRLCALPLYRKMGQWARQKNRERSNWLQLPAMIIGAFIIDLLLLALTLFVGQVLSDNLNAGSRTIAFQQSLFLNAFALIEFFKAVLRLIFCPNVAELRPFTIQDESARYWSRRLSWLSSLIGYGLIVAVPIISNQVNVQIGALANVIIMLCMTVWALYLIFRNKKEITQHLLNFAEHSLAFFSLFIRAFALVWHWLASAYFIVLFFFSLFDPGNSLKFMMGATVRSLAIIGIAAFVSGMFSRWLAKTITLSPHTQRNYPELQKRLNGWLSAALKTARILTVCVAVMLLLSAWGLFDFWNWLQNGAGQKTVDILIRIALILFFSAVGWTVLASLIENRLASDIHGRPLPSARTRTLLTLFRNALAVIISTITIMIVLSEIGVNIAPLLAGAGALGLAISFGSQTLVKDIITGVFIQFENGMNTGDLVTIGPLTGTVERMSIRSVGVRQDTGAYHIIPWSSITTFANFVRGIGSVVANYDVDRHEDADKANQALKDAVAELMENEEIRGLIIGEPNFAGIVGLSNTAFTLRVSFTTLPLKQWTVRFALDSQVKKHFDLAGVRAPVQTYQVLPAPGATPAEPLPPGEPTL:MRWILFILFCLLGAPAHAVSIPGVTTTTTTDSTTEPAPEPDIEQKKAAYGALADVLDNDTSRKELIDQLRTVAATPPAEPVPKIVPPTLVEEQTVLQKVTEVSRHYGEALSARFGQLYRNITGSPHKPFNPQTFSNALTHFSMLAVLVFGFYWLIRLCALPLYRKMGQWARQKNRERSNWLQLPAMIIGAFIIDLLLLALTLFVGQVLSDNLNAGSRTIAFQQSLFLNAFALIEFFKAVLRLIFCPNVAELRPFTIQDESARYWSRRLSWLSSLIGYGLIVAVPIISNQVNVQIGALANVIIMLCMTVWALYLIFRNKKEITQHLLNFAEHSLAFFSLFIRAFALVWHWLASAYFIVLFFFSLFDPGNSLKFMMGATVRSLAIIGIAAFVSGMFSRWLAKTITLSPHTQRNYPELQKRLNGWLSAALKTARILTVCVAVMLLLSAWGLFDFWNWLQNGAGQKTVDILIRIALILFFSAVGWTVLASLIENRLASDIHGRPLPSARTRTLLTLFRNALAVIISTITIMIVLSEIGVNIAPLLAGAGALGLAISFGSQTLVKDIITGVFIQFENGMNTGDLVTIGPLTGTVERMSIRSVGVRQDTGAYHIIPWSSITTFANFVRGIGSVVANYDVDRHEDADKANQALKDAVAELMENEEIRGLIIGEPNFAGIVGLSNTAFTLRVSFTTLPLKQWTVRFALDSQVKKHFDLAGVRAPVQTYQVLPAPGATPAEPLPPGEPTL:MRWILFILFCLLGAPAHAVSIPGVTTTTTTDSTTEPAPEPDIEQKKAAYGALADVLDNDTSRKELIDQLRTVAATPPAEPVPKIVPPTLVEEQTVLQKVTEVSRHYGEALSARFGQLYRNITGSPHKPFNPQTFSNALTHFSMLAVLVFGFYWLIRLCALPLYRKMGQWARQKNRERSNWLQLPAMIIGAFIIDLLLLALTLFVGQVLSDNLNAGSRTIAFQQSLFLNAFALIEFFKAVLRLIFCPNVAELRPFTIQDESARYWSRRLSWLSSLIGYGLIVAVPIISNQVNVQIGALANVIIMLCMTVWALYLIFRNKKEITQHLLNFAEHSLAFFSLFIRAFALVWHWLASAYFIVLFFFSLFDPGNSLKFMMGATVRSLAIIGIAAFVSGMFSRWLAKTITLSPHTQRNYPELQKRLNGWLSAALKTARILTVCVAVMLLLSAWGLFDFWNWLQNGAGQKTVDILIRIALILFFSAVGWTVLASLIENRLASDIHGRPLPSARTRTLLTLFRNALAVIISTITIMIVLSEIGVNIAPLLAGAGALGLAISFGSQTLVKDIITGVFIQFENGMNTGDLVTIGPLTGTVERMSIRSVGVRQDTGAYHIIPWSSITTFANFVRGIGSVVANYDVDRHEDADKANQALKDAVAELMENEEIRGLIIGEPNFAGIVGLSNTAFTLRVSFTTLPLKQWTVRFALDSQVKKHFDLAGVRAPVQTYQVLPAPGATPAEPLPPGEPTL:MRWILFILFCLLGAPAHAVSIPGVTTTTTTDSTTEPAPEPDIEQKKAAYGALADVLDNDTSRKELIDQLRTVAATPPAEPVPKIVPPTLVEEQTVLQKVTEVSRHYGEALSARFGQLYRNITGSPHKPFNPQTFSNALTHFSMLAVLVFGFYWLIRLCALPLYRKMGQWARQKNRERSNWLQLPAMIIGAFIIDLLLLALTLFVGQVLSDNLNAGSRTIAFQQSLFLNAFALIEFFKAVLRLIFCPNVAELRPFTIQDESARYWSRRLSWLSSLIGYGLIVAVPIISNQVNVQIGALANVIIMLCMTVWALYLIFRNKKEITQHLLNFAEHSLAFFSLFIRAFALVWHWLASAYFIVLFFFSLFDPGNSLKFMMGATVRSLAIIGIAAFVSGMFSRWLAKTITLSPHTQRNYPELQKRLNGWLSAALKTARILTVCVAVMLLLSAWGLFDFWNWLQNGAGQKTVDILIRIALILFFSAVGWTVLASLIENRLASDIHGRPLPSARTRTLLTLFRNALAVIISTITIMIVLSEIGVNIAPLLAGAGALGLAISFGSQTLVKDIITGVFIQFENGMNTGDLVTIGPLTGTVERMSIRSVGVRQDTGAYHIIPWSSITTFANFVRGIGSVVANYDVDRHEDADKANQALKDAVAELMENEEIRGLIIGEPNFAGIVGLSNTAFTLRVSFTTLPLKQWTVRFALDSQVKKHFDLAGVRAPVQTYQVLPAPGATPAEPLPPGEPTL:MRWILFILFCLLGAPAHAVSIPGVTTTTTTDSTTEPAPEPDIEQKKAAYGALADVLDNDTSRKELIDQLRTVAATPPAEPVPKIVPPTLVEEQTVLQKVTEVSRHYGEALSARFGQLYRNITGSPHKPFNPQTFSNALTHFSMLAVLVFGFYWLIRLCALPLYRKMGQWARQKNRERSNWLQLPAMIIGAFIIDLLLLALTLFVGQVLSDNLNAGSRTIAFQQSLFLNAFALIEFFKAVLRLIFCPNVAELRPFTIQDESARYWSRRLSWLSSLIGYGLIVAVPIISNQVNVQIGALANVIIMLCMTVWALYLIFRNKKEITQHLLNFAEHSLAFFSLFIRAFALVWHWLASAYFIVLFFFSLFDPGNSLKFMMGATVRSLAIIGIAAFVSGMFSRWLAKTITLSPHTQRNYPELQKRLNGWLSAALKTARILTVCVAVMLLLSAWGLFDFWNWLQNGAGQKTVDILIRIALILFFSAVGWTVLASLIENRLASDIHGRPLPSARTRTLLTLFRNALAVIISTITIMIVLSEIGVNIAPLLAGAGALGLAISFGSQTLVKDIITGVFIQFENGMNTGDLVTIGPLTGTVERMSIRSVGVRQDTGAYHIIPWSSITTFANFVRGIGSVVANYDVDRHEDADKANQALKDAVAELMENEEIRGLIIGEPNFAGIVGLSNTAFTLRVSFTTLPLKQWTVRFALDSQVKKHFDLAGVRAPVQTYQVLPAPGATPAEPLPPGEPTL:MRWILFILFCLLGAPAHAVSIPGVTTTTTTDSTTEPAPEPDIEQKKAAYGALADVLDNDTSRKELIDQLRTVAATPPAEPVPKIVPPTLVEEQTVLQKVTEVSRHYGEALSARFGQLYRNITGSPHKPFNPQTFSNALTHFSMLAVLVFGFYWLIRLCALPLYRKMGQWARQKNRERSNWLQLPAMIIGAFIIDLLLLALTLFVGQVLSDNLNAGSRTIAFQQSLFLNAFALIEFFKAVLRLIFCPNVAELRPFTIQDESARYWSRRLSWLSSLIGYGLIVAVPIISNQVNVQIGALANVIIMLCMTVWALYLIFRNKKEITQHLLNFAEHSLAFFSLFIRAFALVWHWLASAYFIVLFFFSLFDPGNSLKFMMGATVRSLAIIGIAAFVSGMFSRWLAKTITLSPHTQRNYPELQKRLNGWLSAALKTARILTVCVAVMLLLSAWGLFDFWNWLQNGAGQKTVDILIRIALILFFSAVGWTVLASLIENRLASDIHGRPLPSARTRTLLTLFRNALAVIISTITIMIVLSEIGVNIAPLLAGAGALGLAISFGSQTLVKDIITGVFIQFENGMNTGDLVTIGPLTGTVERMSIRSVGVRQDTGAYHIIPWSSITTFANFVRGIGSVVANYDVDRHEDADKANQALKDAVAELMENEEIRGLIIGEPNFAGIVGLSNTAFTLRVSFTTLPLKQWTVRFALDSQVKKHFDLAGVRAPVQTYQVLPAPGATPAEPLPPGEPTL,5193
CPLX0-8016,{'b0179': 3},UDPHYDROXYMYRGLUCOSAMNACETYLTRANS-MONO,UDP-3-O-(3-hydroxymyristoyl)glucosamineï¿½N-acyltransferase,True,,True,mono,3,MPSIRLADLAQQLDAELHGDGDIVITGVASMQSAQTGHITFMVNPKYREHLGLCQASAVVMTQDDLPFAKSAALVVKNPYLTYARMAQILDTTPQPAQNIAPSAVIDATAKLGNNVSIGANAVIESGVELGDNVIIGAGCFVGKNSKIGAGSRLWANVTIYHEIQIGQNCLIQSGTVVGADGFGYANDRGNWVKIPQIGRVIIGDRVEIGACTTIDRGALDDTIIGNGVIIDNQCQIAHNVVIGDNTAVAGGVIMAGSLKIGRYCMIGGASVINGHMEICDKVTVTGMGMVMRPITEPGVYSSGIPLQPNKVWRKTAALVMNIDDMSKRLKSLERKVNQQD:MPSIRLADLAQQLDAELHGDGDIVITGVASMQSAQTGHITFMVNPKYREHLGLCQASAVVMTQDDLPFAKSAALVVKNPYLTYARMAQILDTTPQPAQNIAPSAVIDATAKLGNNVSIGANAVIESGVELGDNVIIGAGCFVGKNSKIGAGSRLWANVTIYHEIQIGQNCLIQSGTVVGADGFGYANDRGNWVKIPQIGRVIIGDRVEIGACTTIDRGALDDTIIGNGVIIDNQCQIAHNVVIGDNTAVAGGVIMAGSLKIGRYCMIGGASVINGHMEICDKVTVTGMGMVMRPITEPGVYSSGIPLQPNKVWRKTAALVMNIDDMSKRLKSLERKVNQQD:MPSIRLADLAQQLDAELHGDGDIVITGVASMQSAQTGHITFMVNPKYREHLGLCQASAVVMTQDDLPFAKSAALVVKNPYLTYARMAQILDTTPQPAQNIAPSAVIDATAKLGNNVSIGANAVIESGVELGDNVIIGAGCFVGKNSKIGAGSRLWANVTIYHEIQIGQNCLIQSGTVVGADGFGYANDRGNWVKIPQIGRVIIGDRVEIGACTTIDRGALDDTIIGNGVIIDNQCQIAHNVVIGDNTAVAGGVIMAGSLKIGRYCMIGGASVINGHMEICDKVTVTGMGMVMRPITEPGVYSSGIPLQPNKVWRKTAALVMNIDDMSKRLKSLERKVNQQD,1025
TRANS-200-CPLX,"{'b3035': 3, 'b0878': 6, 'b0879': 2}",,ABC-type tripartite efflux pump = [(TolC)3][MacB]2[MacA]6,,,True,hetero,11,MKKLLPILIGLSLSGFSSLSQAENLMQVYQQARLSNPELRKSAADRDAAFEKINEARSPLLPQLGLGADYTYSNGYRDANGINSNATSASLQLTQSIFDMSKWRALTLQEKAAGIQDVTYQTDQQTLILNTATAYFNVLNAIDVLSYTQAQKEAIYRQLDQTTQRFNVGLVAITDVQNARAQYDTVLANEVTARNNLDNAVEQLRQITGNYYPELAALNVENFKTDKPQPVNALLKEAEKRNLSLLQARLSQDLAREQIRQAQDGHLPTLDLTASTGISDTSYSGSKTRGAAGTQYDDSNMGQNKVGLSFSLPIYQGGMVNSQVKQAQYNFVGASEQLESAHRSVVQTVRSSFNNINASISSINAYKQAVVSAQSSLDAMEAGYSVGTRTIVDVLDATTTLYNAKQELANARYNYLINQLNIKSALGTLNEQDLLALNNALSKPVSTNPENVAPQTPEQNAIADGYAPDSPAPVVQQTSARTTTSNGHNPFRN:MKKLLPILIGLSLSGFSSLSQAENLMQVYQQARLSNPELRKSAADRDAAFEKINEARSPLLPQLGLGADYTYSNGYRDANGINSNATSASLQLTQSIFDMSKWRALTLQEKAAGIQDVTYQTDQQTLILNTATAYFNVLNAIDVLSYTQAQKEAIYRQLDQTTQRFNVGLVAITDVQNARAQYDTVLANEVTARNNLDNAVEQLRQITGNYYPELAALNVENFKTDKPQPVNALLKEAEKRNLSLLQARLSQDLAREQIRQAQDGHLPTLDLTASTGISDTSYSGSKTRGAAGTQYDDSNMGQNKVGLSFSLPIYQGGMVNSQVKQAQYNFVGASEQLESAHRSVVQTVRSSFNNINASISSINAYKQAVVSAQSSLDAMEAGYSVGTRTIVDVLDATTTLYNAKQELANARYNYLINQLNIKSALGTLNEQDLLALNNALSKPVSTNPENVAPQTPEQNAIADGYAPDSPAPVVQQTSARTTTSNGHNPFRN:MKKLLPILIGLSLSGFSSLSQAENLMQVYQQARLSNPELRKSAADRDAAFEKINEARSPLLPQLGLGADYTYSNGYRDANGINSNATSASLQLTQSIFDMSKWRALTLQEKAAGIQDVTYQTDQQTLILNTATAYFNVLNAIDVLSYTQAQKEAIYRQLDQTTQRFNVGLVAITDVQNARAQYDTVLANEVTARNNLDNAVEQLRQITGNYYPELAALNVENFKTDKPQPVNALLKEAEKRNLSLLQARLSQDLAREQIRQAQDGHLPTLDLTASTGISDTSYSGSKTRGAAGTQYDDSNMGQNKVGLSFSLPIYQGGMVNSQVKQAQYNFVGASEQLESAHRSVVQTVRSSFNNINASISSINAYKQAVVSAQSSLDAMEAGYSVGTRTIVDVLDATTTLYNAKQELANARYNYLINQLNIKSALGTLNEQDLLALNNALSKPVSTNPENVAPQTPEQNAIADGYAPDSPAPVVQQTSARTTTSNGHNPFRN:MKKRKTVKKRYVIALVIVIAGLITLWRILNAPVPTYQTLIVRPGDLQQSVLATGKLDALRKVDVGAQVSGQLKTLSVAIGDKVKKDQLLGVIDPEQAENQIKEVEATLMELRAQRQQAEAELKLARVTYSRQQRLAQTKAVSQQDLDTAATEMAVKQAQIGTIDAQIKRNQASLDTAKTNLDYTRIVAPMAGEVTQITTLQGQTVIAAQQAPNILTLADMSAMLVKAQVSEADVIHLKPGQKAWFTVLGDPLTRYEGQIKDVLPTPEKVNDAIFYYARFEVPNPNGLLRLDMTAQVHIQLTDVKNVLTIPLSALGDPVGDNRYKVKLLRNGETREREVTIGARNDTDVEIVKGLEAGDEVVIGEAKPGAAQ:MKKRKTVKKRYVIALVIVIAGLITLWRILNAPVPTYQTLIVRPGDLQQSVLATGKLDALRKVDVGAQVSGQLKTLSVAIGDKVKKDQLLGVIDPEQAENQIKEVEATLMELRAQRQQAEAELKLARVTYSRQQRLAQTKAVSQQDLDTAATEMAVKQAQIGTIDAQIKRNQASLDTAKTNLDYTRIVAPMAGEVTQITTLQGQTVIAAQQAPNILTLADMSAMLVKAQVSEADVIHLKPGQKAWFTVLGDPLTRYEGQIKDVLPTPEKVNDAIFYYARFEVPNPNGLLRLDMTAQVHIQLTDVKNVLTIPLSALGDPVGDNRYKVKLLRNGETREREVTIGARNDTDVEIVKGLEAGDEVVIGEAKPGAAQ:MKKRKTVKKRYVIALVIVIAGLITLWRILNAPVPTYQTLIVRPGDLQQSVLATGKLDALRKVDVGAQVSGQLKTLSVAIGDKVKKDQLLGVIDPEQAENQIKEVEATLMELRAQRQQAEAELKLARVTYSRQQRLAQTKAVSQQDLDTAATEMAVKQAQIGTIDAQIKRNQASLDTAKTNLDYTRIVAPMAGEVTQITTLQGQTVIAAQQAPNILTLADMSAMLVKAQVSEADVIHLKPGQKAWFTVLGDPLTRYEGQIKDVLPTPEKVNDAIFYYARFEVPNPNGLLRLDMTAQVHIQLTDVKNVLTIPLSALGDPVGDNRYKVKLLRNGETREREVTIGARNDTDVEIVKGLEAGDEVVIGEAKPGAAQ:MKKRKTVKKRYVIALVIVIAGLITLWRILNAPVPTYQTLIVRPGDLQQSVLATGKLDALRKVDVGAQVSGQLKTLSVAIGDKVKKDQLLGVIDPEQAENQIKEVEATLMELRAQRQQAEAELKLARVTYSRQQRLAQTKAVSQQDLDTAATEMAVKQAQIGTIDAQIKRNQASLDTAKTNLDYTRIVAPMAGEVTQITTLQGQTVIAAQQAPNILTLADMSAMLVKAQVSEADVIHLKPGQKAWFTVLGDPLTRYEGQIKDVLPTPEKVNDAIFYYARFEVPNPNGLLRLDMTAQVHIQLTDVKNVLTIPLSALGDPVGDNRYKVKLLRNGETREREVTIGARNDTDVEIVKGLEAGDEVVIGEAKPGAAQ:MKKRKTVKKRYVIALVIVIAGLITLWRILNAPVPTYQTLIVRPGDLQQSVLATGKLDALRKVDVGAQVSGQLKTLSVAIGDKVKKDQLLGVIDPEQAENQIKEVEATLMELRAQRQQAEAELKLARVTYSRQQRLAQTKAVSQQDLDTAATEMAVKQAQIGTIDAQIKRNQASLDTAKTNLDYTRIVAPMAGEVTQITTLQGQTVIAAQQAPNILTLADMSAMLVKAQVSEADVIHLKPGQKAWFTVLGDPLTRYEGQIKDVLPTPEKVNDAIFYYARFEVPNPNGLLRLDMTAQVHIQLTDVKNVLTIPLSALGDPVGDNRYKVKLLRNGETREREVTIGARNDTDVEIVKGLEAGDEVVIGEAKPGAAQ:MKKRKTVKKRYVIALVIVIAGLITLWRILNAPVPTYQTLIVRPGDLQQSVLATGKLDALRKVDVGAQVSGQLKTLSVAIGDKVKKDQLLGVIDPEQAENQIKEVEATLMELRAQRQQAEAELKLARVTYSRQQRLAQTKAVSQQDLDTAATEMAVKQAQIGTIDAQIKRNQASLDTAKTNLDYTRIVAPMAGEVTQITTLQGQTVIAAQQAPNILTLADMSAMLVKAQVSEADVIHLKPGQKAWFTVLGDPLTRYEGQIKDVLPTPEKVNDAIFYYARFEVPNPNGLLRLDMTAQVHIQLTDVKNVLTIPLSALGDPVGDNRYKVKLLRNGETREREVTIGARNDTDVEIVKGLEAGDEVVIGEAKPGAAQ:MTPLLELKDIRRSYPAGDEQVEVLKGISLDIYAGEMVAIVGASGSGKSTLMNILGCLDKATSGTYRVAGQDVATLDADALAQLRREHFGFIFQRYHLLSHLTAEQNVEVPAVYAGLERKQRLLRAQELLQRLGLEDRTEYYPAQLSGGQQQRVSIARALMNGGQVILADEPTGALDSHSGEEVMAILHQLRDRGHTVIIVTHDPQVAAQAERVIEIRDGEIVRNPPAIEKVNVTGGTEPVVNTVSGWRQFVSGFNEALTMAWRALAANKMRTLLTMLGIIIGIASVVSIVVVGDAAKQMVLADIRSIGTNTIDVYPGKDFGDDDPQYQQALKYDDLIAIQKQPWVASATPAVSQNLRLRYNNVDVAASANGVSGDYFNVYGMTFSEGNTFNQEQLNGRAQVVVLDSNTRRQLFPHKADVVGEVILVGNMPARVIGVAEEKQSMFGSSKVLRVWLPYSTMSGRVMGQSWLNSITVRVKEGFDSAEAEQQLTRLLSLRHGKKDFFTWNMDGVLKTVEKTTRTLQLFLTLVAVISLVVGGIGVMNIMLVSVTERTREIGIRMAVGARASDVLQQFLIEAVLVCLVGGALGITLSLLIAFTLQLFLPGWEIGFSPLALLLAFLCSTVTGILFGWLPARNAARLDPVDALARE:MTPLLELKDIRRSYPAGDEQVEVLKGISLDIYAGEMVAIVGASGSGKSTLMNILGCLDKATSGTYRVAGQDVATLDADALAQLRREHFGFIFQRYHLLSHLTAEQNVEVPAVYAGLERKQRLLRAQELLQRLGLEDRTEYYPAQLSGGQQQRVSIARALMNGGQVILADEPTGALDSHSGEEVMAILHQLRDRGHTVIIVTHDPQVAAQAERVIEIRDGEIVRNPPAIEKVNVTGGTEPVVNTVSGWRQFVSGFNEALTMAWRALAANKMRTLLTMLGIIIGIASVVSIVVVGDAAKQMVLADIRSIGTNTIDVYPGKDFGDDDPQYQQALKYDDLIAIQKQPWVASATPAVSQNLRLRYNNVDVAASANGVSGDYFNVYGMTFSEGNTFNQEQLNGRAQVVVLDSNTRRQLFPHKADVVGEVILVGNMPARVIGVAEEKQSMFGSSKVLRVWLPYSTMSGRVMGQSWLNSITVRVKEGFDSAEAEQQLTRLLSLRHGKKDFFTWNMDGVLKTVEKTTRTLQLFLTLVAVISLVVGGIGVMNIMLVSVTERTREIGIRMAVGARASDVLQQFLIEAVLVCLVGGALGITLSLLIAFTLQLFLPGWEIGFSPLALLLAFLCSTVTGILFGWLPARNAARLDPVDALARE,5011
Unmodelled_MONOMER_b0256,{'b0256': 1},,,,True,,mono,1,MRRTFTAEEKASVFELWKNGTGFSEIANILGSKPGTIFTMLRDTGGIKPHERKRAVAHLTLSEREEIRAGLSAKMSIRAIATALNRSPSTISREVQRNRGRRYYKAVDANNRANRMAKRPKPCLLDQNLPLRKLVLEKLEMKWSPEQISGWLRRTKPRQKTLRISPETIYKTLYFRSREALHHLNIQHLRRSHSLRHGRRHTRKGERGTINIVNGTPIHERSRNIDNRRSLGHWEGDLVSGTKNSHIATLVDRKSRYTIIVRLRGKDSVSVNQALTDKFLSLPSELRKSLTWDRGMELARHLEFTVSTGVKVYFCDPQSPWQRGTNENTNGLIRQYFPKKTCLAQYTQHELDLVAAQLNNRPRKTLKFKTPKEIIERGVALTD,383
Unmodelled_MONOMER_b2336,{'b2336': 1},,,,True,,mono,1,MSDLLCSAKLGAMTLALLLSATSLSALASVTPDRTRLIFNESDKSISVTLRNNDPKLPYLAQSWIEDEKGNKITSPLTVLPPVQRIDSMMNGQVKVQGMPDINKLPADRESMFYFNVREIPPKSNKPNTLQIALQTRIKLFWRPKALEKVSMKSPWQHKVTLTRSGQAFTVNNPTPYYVIISNASAQKNGNPAAGFSPLVIEPKTTVPLNVKMDSVPVLTYVNDFGARMPLFFQCNGNSCQVDEEQSRKG,250
Unmodelled_MONOMER_b1221,{'b1221': 1},,,,True,,mono,1,MSNQEPATILLIDDHPMLRTGVKQLISMAPDITVVGEASNGEQGIELAESLDPDLILLDLNMPGMNGLETLDKLREKSLSGRIVVFSVSNHEEDVVTALKRGADGYLLKDMEPEDLLKALHQAAAGEMVLSEALTPVLAASLRANRATTERDVNQLTPRERDILKLIAQGLPNKMIARRLDITESTVKVHVKHMLKKMKLKSRVEAAVWVHQERIF,216
Unmodelled_MONOMER_b2698,{'b2698': 1},,,,True,,mono,1,MTESTSRRPAYARLLDRAVRILAVRDHSEQELRRKLAAPIMGKNGPEEIDATAEDYERVIAWCHEHGYLDDSRFVARFIASRSRKGYGPARIRQELNQKGISREATEKAMRECDIDWCALARDQATRKYGEPLPTVFSEKVKIQRFLLYRGYLMEDIQEIWRNFAD,166
TRANS-CPLX-201,"{'b3035': 3, 'b0462': 3, 'b0463': 6}",TRANS-CPLX-201,,True,,,hetero,12,MKKLLPILIGLSLSGFSSLSQAENLMQVYQQARLSNPELRKSAADRDAAFEKINEARSPLLPQLGLGADYTYSNGYRDANGINSNATSASLQLTQSIFDMSKWRALTLQEKAAGIQDVTYQTDQQTLILNTATAYFNVLNAIDVLSYTQAQKEAIYRQLDQTTQRFNVGLVAITDVQNARAQYDTVLANEVTARNNLDNAVEQLRQITGNYYPELAALNVENFKTDKPQPVNALLKEAEKRNLSLLQARLSQDLAREQIRQAQDGHLPTLDLTASTGISDTSYSGSKTRGAAGTQYDDSNMGQNKVGLSFSLPIYQGGMVNSQVKQAQYNFVGASEQLESAHRSVVQTVRSSFNNINASISSINAYKQAVVSAQSSLDAMEAGYSVGTRTIVDVLDATTTLYNAKQELANARYNYLINQLNIKSALGTLNEQDLLALNNALSKPVSTNPENVAPQTPEQNAIADGYAPDSPAPVVQQTSARTTTSNGHNPFRN:MKKLLPILIGLSLSGFSSLSQAENLMQVYQQARLSNPELRKSAADRDAAFEKINEARSPLLPQLGLGADYTYSNGYRDANGINSNATSASLQLTQSIFDMSKWRALTLQEKAAGIQDVTYQTDQQTLILNTATAYFNVLNAIDVLSYTQAQKEAIYRQLDQTTQRFNVGLVAITDVQNARAQYDTVLANEVTARNNLDNAVEQLRQITGNYYPELAALNVENFKTDKPQPVNALLKEAEKRNLSLLQARLSQDLAREQIRQAQDGHLPTLDLTASTGISDTSYSGSKTRGAAGTQYDDSNMGQNKVGLSFSLPIYQGGMVNSQVKQAQYNFVGASEQLESAHRSVVQTVRSSFNNINASISSINAYKQAVVSAQSSLDAMEAGYSVGTRTIVDVLDATTTLYNAKQELANARYNYLINQLNIKSALGTLNEQDLLALNNALSKPVSTNPENVAPQTPEQNAIADGYAPDSPAPVVQQTSARTTTSNGHNPFRN:MKKLLPILIGLSLSGFSSLSQAENLMQVYQQARLSNPELRKSAADRDAAFEKINEARSPLLPQLGLGADYTYSNGYRDANGINSNATSASLQLTQSIFDMSKWRALTLQEKAAGIQDVTYQTDQQTLILNTATAYFNVLNAIDVLSYTQAQKEAIYRQLDQTTQRFNVGLVAITDVQNARAQYDTVLANEVTARNNLDNAVEQLRQITGNYYPELAALNVENFKTDKPQPVNALLKEAEKRNLSLLQARLSQDLAREQIRQAQDGHLPTLDLTASTGISDTSYSGSKTRGAAGTQYDDSNMGQNKVGLSFSLPIYQGGMVNSQVKQAQYNFVGASEQLESAHRSVVQTVRSSFNNINASISSINAYKQAVVSAQSSLDAMEAGYSVGTRTIVDVLDATTTLYNAKQELANARYNYLINQLNIKSALGTLNEQDLLALNNALSKPVSTNPENVAPQTPEQNAIADGYAPDSPAPVVQQTSARTTTSNGHNPFRN:MPNFFIDRPIFAWVIAIIIMLAGGLAILKLPVAQYPTIAPPAVTISASYPGADAKTVQDTVTQVIEQNMNGIDNLMYMSSNSDSTGTVQITLTFESGTDADIAQVQVQNKLQLAMPLLPQEVQQQGVSVEKSSSSFLMVVGVINTDGTMTQEDISDYVAANMKDAISRTSGVGDVQLFGSQYAMRIWMNPNELNKFQLTPVDVITAIKAQNAQVAAGQLGGTPPVKGQQLNASIIAQTRLTSTEEFGKILLKVNQDGSRVLLRDVAKIELGGENYDIIAEFNGQPASGLGIKLATGANALDTAAAIRAELAKMEPFFPSGLKIVYPYDTTPFVKISIHEVVKTLVEAIILVFLVMYLFLQNFRATLIPTIAVPVVLLGTFAVLAAFGFSINTLTMFGMVLAIGLLVDDAIVVVENVERVMAEEGLPPKEATRKSMGQIQGALVGIAMVLSAVFVPMAFFGGSTGAIYRQFSITIVSAMALSVLVALILTPALCATMLKPIAKGDHGEGKKGFFGWFNRMFEKSTHHYTDSVGGILRSTGRYLVLYLIIVVGMAYLFVRLPSSFLPDEDQGVFMTMVQLPAGATQERTQKVLNEVTHYYLTKEKNNVESVFAVNGFGFAGRGQNTGIAFVSLKDWADRPGEENKVEAITMRATRAFSQIKDAMVFAFNLPAIVELGTATGFDFELIDQAGLGHEKLTQARNQLLAEAAKHPDMLTSVRPNGLEDTPQFKIDIDQEKAQALGVSINDINTTLGAAWGGSYVNDFIDRGRVKKVYVMSEAKYRMLPDDIGDWYVRAADGQMVPFSAFSSSRWEYGSPRLERYNGLPSMEILGQAAPGKSTGEAMELMEQLASKLPTGVGYDWTGMSYQERLSGNQAPSLYAISLIVVFLCLAALYESWSIPFSVMLVVPLGVIGALLAATFRGLTNDVYFQVGLLTTIGLSAKNAILIVEFAKDLMDKEGKGLIEATLDAVRMRLRPILMTSLAFILGVMPLVISTGAGSGAQNAVGTGVMGGMVTATVLAIFFVPVFFVVVRRRFSRKNEDIEHSHTVDHH:MPNFFIDRPIFAWVIAIIIMLAGGLAILKLPVAQYPTIAPPAVTISASYPGADAKTVQDTVTQVIEQNMNGIDNLMYMSSNSDSTGTVQITLTFESGTDADIAQVQVQNKLQLAMPLLPQEVQQQGVSVEKSSSSFLMVVGVINTDGTMTQEDISDYVAANMKDAISRTSGVGDVQLFGSQYAMRIWMNPNELNKFQLTPVDVITAIKAQNAQVAAGQLGGTPPVKGQQLNASIIAQTRLTSTEEFGKILLKVNQDGSRVLLRDVAKIELGGENYDIIAEFNGQPASGLGIKLATGANALDTAAAIRAELAKMEPFFPSGLKIVYPYDTTPFVKISIHEVVKTLVEAIILVFLVMYLFLQNFRATLIPTIAVPVVLLGTFAVLAAFGFSINTLTMFGMVLAIGLLVDDAIVVVENVERVMAEEGLPPKEATRKSMGQIQGALVGIAMVLSAVFVPMAFFGGSTGAIYRQFSITIVSAMALSVLVALILTPALCATMLKPIAKGDHGEGKKGFFGWFNRMFEKSTHHYTDSVGGILRSTGRYLVLYLIIVVGMAYLFVRLPSSFLPDEDQGVFMTMVQLPAGATQERTQKVLNEVTHYYLTKEKNNVESVFAVNGFGFAGRGQNTGIAFVSLKDWADRPGEENKVEAITMRATRAFSQIKDAMVFAFNLPAIVELGTATGFDFELIDQAGLGHEKLTQARNQLLAEAAKHPDMLTSVRPNGLEDTPQFKIDIDQEKAQALGVSINDINTTLGAAWGGSYVNDFIDRGRVKKVYVMSEAKYRMLPDDIGDWYVRAADGQMVPFSAFSSSRWEYGSPRLERYNGLPSMEILGQAAPGKSTGEAMELMEQLASKLPTGVGYDWTGMSYQERLSGNQAPSLYAISLIVVFLCLAALYESWSIPFSVMLVVPLGVIGALLAATFRGLTNDVYFQVGLLTTIGLSAKNAILIVEFAKDLMDKEGKGLIEATLDAVRMRLRPILMTSLAFILGVMPLVISTGAGSGAQNAVGTGVMGGMVTATVLAIFFVPVFFVVVRRRFSRKNEDIEHSHTVDHH:MPNFFIDRPIFAWVIAIIIMLAGGLAILKLPVAQYPTIAPPAVTISASYPGADAKTVQDTVTQVIEQNMNGIDNLMYMSSNSDSTGTVQITLTFESGTDADIAQVQVQNKLQLAMPLLPQEVQQQGVSVEKSSSSFLMVVGVINTDGTMTQEDISDYVAANMKDAISRTSGVGDVQLFGSQYAMRIWMNPNELNKFQLTPVDVITAIKAQNAQVAAGQLGGTPPVKGQQLNASIIAQTRLTSTEEFGKILLKVNQDGSRVLLRDVAKIELGGENYDIIAEFNGQPASGLGIKLATGANALDTAAAIRAELAKMEPFFPSGLKIVYPYDTTPFVKISIHEVVKTLVEAIILVFLVMYLFLQNFRATLIPTIAVPVVLLGTFAVLAAFGFSINTLTMFGMVLAIGLLVDDAIVVVENVERVMAEEGLPPKEATRKSMGQIQGALVGIAMVLSAVFVPMAFFGGSTGAIYRQFSITIVSAMALSVLVALILTPALCATMLKPIAKGDHGEGKKGFFGWFNRMFEKSTHHYTDSVGGILRSTGRYLVLYLIIVVGMAYLFVRLPSSFLPDEDQGVFMTMVQLPAGATQERTQKVLNEVTHYYLTKEKNNVESVFAVNGFGFAGRGQNTGIAFVSLKDWADRPGEENKVEAITMRATRAFSQIKDAMVFAFNLPAIVELGTATGFDFELIDQAGLGHEKLTQARNQLLAEAAKHPDMLTSVRPNGLEDTPQFKIDIDQEKAQALGVSINDINTTLGAAWGGSYVNDFIDRGRVKKVYVMSEAKYRMLPDDIGDWYVRAADGQMVPFSAFSSSRWEYGSPRLERYNGLPSMEILGQAAPGKSTGEAMELMEQLASKLPTGVGYDWTGMSYQERLSGNQAPSLYAISLIVVFLCLAALYESWSIPFSVMLVVPLGVIGALLAATFRGLTNDVYFQVGLLTTIGLSAKNAILIVEFAKDLMDKEGKGLIEATLDAVRMRLRPILMTSLAFILGVMPLVISTGAGSGAQNAVGTGVMGGMVTATVLAIFFVPVFFVVVRRRFSRKNEDIEHSHTVDHH:MNKNRGFTPLAVVLMLSGSLALTGCDDKQAQQGGQQMPAVGVVTVKTEPLQITTELPGRTSAYRIAEVRPQVSGIILKRNFKEGSDIEAGVSLYQIDPATYQATYDSAKGDLAKAQAAANIAQLTVNRYQKLLGTQYISKQEYDQALADAQQANAAVTAAKAAVETARINLAYTKVTSPISGRIGKSNVTEGALVQNGQATALATVQQLDPIYVDVTQSSNDFLRLKQELANGTLKQENGKAKVSLITSDGIKFPQDGTLEFSDVTVDQTTGSITLRAIFPNPDHTLLPGMFVRARLEEGLNPNAILVPQQGVTRTPRGDATVLVVGADDKVETRPIVASQAIGDKWLVTEGLKAGDRVVISGLQKVRPGVQVKAQEVTADNNQQAASGAQPEQSKS:MNKNRGFTPLAVVLMLSGSLALTGCDDKQAQQGGQQMPAVGVVTVKTEPLQITTELPGRTSAYRIAEVRPQVSGIILKRNFKEGSDIEAGVSLYQIDPATYQATYDSAKGDLAKAQAAANIAQLTVNRYQKLLGTQYISKQEYDQALADAQQANAAVTAAKAAVETARINLAYTKVTSPISGRIGKSNVTEGALVQNGQATALATVQQLDPIYVDVTQSSNDFLRLKQELANGTLKQENGKAKVSLITSDGIKFPQDGTLEFSDVTVDQTTGSITLRAIFPNPDHTLLPGMFVRARLEEGLNPNAILVPQQGVTRTPRGDATVLVVGADDKVETRPIVASQAIGDKWLVTEGLKAGDRVVISGLQKVRPGVQVKAQEVTADNNQQAASGAQPEQSKS:MNKNRGFTPLAVVLMLSGSLALTGCDDKQAQQGGQQMPAVGVVTVKTEPLQITTELPGRTSAYRIAEVRPQVSGIILKRNFKEGSDIEAGVSLYQIDPATYQATYDSAKGDLAKAQAAANIAQLTVNRYQKLLGTQYISKQEYDQALADAQQANAAVTAAKAAVETARINLAYTKVTSPISGRIGKSNVTEGALVQNGQATALATVQQLDPIYVDVTQSSNDFLRLKQELANGTLKQENGKAKVSLITSDGIKFPQDGTLEFSDVTVDQTTGSITLRAIFPNPDHTLLPGMFVRARLEEGLNPNAILVPQQGVTRTPRGDATVLVVGADDKVETRPIVASQAIGDKWLVTEGLKAGDRVVISGLQKVRPGVQVKAQEVTADNNQQAASGAQPEQSKS:MNKNRGFTPLAVVLMLSGSLALTGCDDKQAQQGGQQMPAVGVVTVKTEPLQITTELPGRTSAYRIAEVRPQVSGIILKRNFKEGSDIEAGVSLYQIDPATYQATYDSAKGDLAKAQAAANIAQLTVNRYQKLLGTQYISKQEYDQALADAQQANAAVTAAKAAVETARINLAYTKVTSPISGRIGKSNVTEGALVQNGQATALATVQQLDPIYVDVTQSSNDFLRLKQELANGTLKQENGKAKVSLITSDGIKFPQDGTLEFSDVTVDQTTGSITLRAIFPNPDHTLLPGMFVRARLEEGLNPNAILVPQQGVTRTPRGDATVLVVGADDKVETRPIVASQAIGDKWLVTEGLKAGDRVVISGLQKVRPGVQVKAQEVTADNNQQAASGAQPEQSKS:MNKNRGFTPLAVVLMLSGSLALTGCDDKQAQQGGQQMPAVGVVTVKTEPLQITTELPGRTSAYRIAEVRPQVSGIILKRNFKEGSDIEAGVSLYQIDPATYQATYDSAKGDLAKAQAAANIAQLTVNRYQKLLGTQYISKQEYDQALADAQQANAAVTAAKAAVETARINLAYTKVTSPISGRIGKSNVTEGALVQNGQATALATVQQLDPIYVDVTQSSNDFLRLKQELANGTLKQENGKAKVSLITSDGIKFPQDGTLEFSDVTVDQTTGSITLRAIFPNPDHTLLPGMFVRARLEEGLNPNAILVPQQGVTRTPRGDATVLVVGADDKVETRPIVASQAIGDKWLVTEGLKAGDRVVISGLQKVRPGVQVKAQEVTADNNQQAASGAQPEQSKS:MNKNRGFTPLAVVLMLSGSLALTGCDDKQAQQGGQQMPAVGVVTVKTEPLQITTELPGRTSAYRIAEVRPQVSGIILKRNFKEGSDIEAGVSLYQIDPATYQATYDSAKGDLAKAQAAANIAQLTVNRYQKLLGTQYISKQEYDQALADAQQANAAVTAAKAAVETARINLAYTKVTSPISGRIGKSNVTEGALVQNGQATALATVQQLDPIYVDVTQSSNDFLRLKQELANGTLKQENGKAKVSLITSDGIKFPQDGTLEFSDVTVDQTTGSITLRAIFPNPDHTLLPGMFVRARLEEGLNPNAILVPQQGVTRTPRGDATVLVVGADDKVETRPIVASQAIGDKWLVTEGLKAGDRVVISGLQKVRPGVQVKAQEVTADNNQQAASGAQPEQSKS,7019
ABC-26-CPLX,"{'b2677': 2, 'b2678': 2, 'b2679': 1}",ABC-26-CPLX,,True,,,hetero,5,MAIKLEIKNLYKIFGEHPQRAFKYIEQGLSKEQILEKTGLSLGVKDASLAIEEGEIFVIMGLSGSGKSTMVRLLNRLIEPTRGQVLIDGVDIAKISDAELREVRRKKIAMVFQSFALMPHMTVLDNTAFGMELAGINAEERREKALDALRQVGLENYAHSYPDELSGGMRQRVGLARALAINPDILLMDEAFSALDPLIRTEMQDELVKLQAKHQRTIVFISHDLDEAMRIGDRIAIMQNGEVVQVGTPDEILNNPANDYVRTFFRGVDISQVFSAKDIARRTPNGLIRKTPGFGPRSALKLLQDEDREYGYVIERGNKFVGAVSIDSLKTALTQQQGLDAALIDAPLAVDAQTPLSELLSHVGQAPCAVPVVDEDQQYVGIISKGMLLRALDREGVNNG:MAIKLEIKNLYKIFGEHPQRAFKYIEQGLSKEQILEKTGLSLGVKDASLAIEEGEIFVIMGLSGSGKSTMVRLLNRLIEPTRGQVLIDGVDIAKISDAELREVRRKKIAMVFQSFALMPHMTVLDNTAFGMELAGINAEERREKALDALRQVGLENYAHSYPDELSGGMRQRVGLARALAINPDILLMDEAFSALDPLIRTEMQDELVKLQAKHQRTIVFISHDLDEAMRIGDRIAIMQNGEVVQVGTPDEILNNPANDYVRTFFRGVDISQVFSAKDIARRTPNGLIRKTPGFGPRSALKLLQDEDREYGYVIERGNKFVGAVSIDSLKTALTQQQGLDAALIDAPLAVDAQTPLSELLSHVGQAPCAVPVVDEDQQYVGIISKGMLLRALDREGVNNG:MADQNNPWDTTPAADSAAQSADAWGTPTTAPTDGGGADWLTSTPAPNVEHFNILDPFHKTLIPLDSWVTEGIDWVVTHFRPVFQGVRVPVDYILNGFQQLLLGMPAPVAIIVFALIAWQISGVGMGVATLVSLIAIGAIGAWSQAMVTLALVLTALLFCIVIGLPLGIWLARSPRAAKIIRPLLDAMQTTPAFVYLVPIVMLFGIGNVPGVVVTIIFALPPIIRLTILGINQVPADLIEASRSFGASPRQMLFKVQLPLAMPTIMAGVNQTLMLALSMVVIASMIAVGGLGQMVLRGIGRLDMGLATVGGVGIVILAIILDRLTQAVGRDSRSRGNRRWYTTGPVGLLTRPFIK:MADQNNPWDTTPAADSAAQSADAWGTPTTAPTDGGGADWLTSTPAPNVEHFNILDPFHKTLIPLDSWVTEGIDWVVTHFRPVFQGVRVPVDYILNGFQQLLLGMPAPVAIIVFALIAWQISGVGMGVATLVSLIAIGAIGAWSQAMVTLALVLTALLFCIVIGLPLGIWLARSPRAAKIIRPLLDAMQTTPAFVYLVPIVMLFGIGNVPGVVVTIIFALPPIIRLTILGINQVPADLIEASRSFGASPRQMLFKVQLPLAMPTIMAGVNQTLMLALSMVVIASMIAVGGLGQMVLRGIGRLDMGLATVGGVGIVILAIILDRLTQAVGRDSRSRGNRRWYTTGPVGLLTRPFIK:MRHSVLFATAFATLISTQTFAADLPGKGITVNPVQSTITEETFQTLLVSRALEKLGYTVNKPSEVDYNVGYTSLASGDATFTAVNWTPLHDNMYEAAGGDKKFYREGVFVNGAAQGYLIDKKTADQYKITNIAQLKDPKIAKLFDTNGDGKADLTGCNPGWGCEGAINHQLAAYELTNTVTHNQGNYAAMMADTISRYKEGKPVFYYTWTPYWVSNELKPGKDVVWLQVPFSALPGDKNADTKLPNGANYGFPVSTMHIVANKAWAEKNPAAAKLFAIMQLPVADINAQNAIMHDGKASEGDIQGHVDGWIKAHQQQFDGWVNEALAAQK,1842
UDHA-CPLX,{'b3962': 8},UDHA-CPLX,,True,,,mono,8,MPHSYDYDAIVIGSGPGGEGAAMGLVKQGARVAVIERYQNVGGGCTHWGTIPSKALRHAVSRIIEFNQNPLYSDHSRLLRSSFADILNHADNVINQQTRMRQGFYERNHCEILQGNARFVDEHTLALDCPDGSVETLTAEKFVIACGSRPYHPTDVDFTHPRIYDSDSILSMHHEPRHVLIYGAGVIGCEYASIFRGMDVKVDLINTRDRLLAFLDQEMSDSLSYHFWNSGVVIRHNEEYEKIEGCDDGVIMHLKSGKKLKADCLLYANGRTGNTDSLALQNIGLETDSRGQLKVNSMYQTAQPHVYAVGDVIGYPSLASAAYDQGRIAAQALVKGEATAHLIEDIPTGIYTIPEISSVGKTEQQLTAMKVPYEVGRAQFKHLARAQIVGMNVGTLKILFHRETKEILGIHCFGERAAEIIHIGQAIMEQKGGGNTIEYFVNTTFNYPTMAEAYRVAALNGLNRLF:MPHSYDYDAIVIGSGPGGEGAAMGLVKQGARVAVIERYQNVGGGCTHWGTIPSKALRHAVSRIIEFNQNPLYSDHSRLLRSSFADILNHADNVINQQTRMRQGFYERNHCEILQGNARFVDEHTLALDCPDGSVETLTAEKFVIACGSRPYHPTDVDFTHPRIYDSDSILSMHHEPRHVLIYGAGVIGCEYASIFRGMDVKVDLINTRDRLLAFLDQEMSDSLSYHFWNSGVVIRHNEEYEKIEGCDDGVIMHLKSGKKLKADCLLYANGRTGNTDSLALQNIGLETDSRGQLKVNSMYQTAQPHVYAVGDVIGYPSLASAAYDQGRIAAQALVKGEATAHLIEDIPTGIYTIPEISSVGKTEQQLTAMKVPYEVGRAQFKHLARAQIVGMNVGTLKILFHRETKEILGIHCFGERAAEIIHIGQAIMEQKGGGNTIEYFVNTTFNYPTMAEAYRVAALNGLNRLF:MPHSYDYDAIVIGSGPGGEGAAMGLVKQGARVAVIERYQNVGGGCTHWGTIPSKALRHAVSRIIEFNQNPLYSDHSRLLRSSFADILNHADNVINQQTRMRQGFYERNHCEILQGNARFVDEHTLALDCPDGSVETLTAEKFVIACGSRPYHPTDVDFTHPRIYDSDSILSMHHEPRHVLIYGAGVIGCEYASIFRGMDVKVDLINTRDRLLAFLDQEMSDSLSYHFWNSGVVIRHNEEYEKIEGCDDGVIMHLKSGKKLKADCLLYANGRTGNTDSLALQNIGLETDSRGQLKVNSMYQTAQPHVYAVGDVIGYPSLASAAYDQGRIAAQALVKGEATAHLIEDIPTGIYTIPEISSVGKTEQQLTAMKVPYEVGRAQFKHLARAQIVGMNVGTLKILFHRETKEILGIHCFGERAAEIIHIGQAIMEQKGGGNTIEYFVNTTFNYPTMAEAYRVAALNGLNRLF:MPHSYDYDAIVIGSGPGGEGAAMGLVKQGARVAVIERYQNVGGGCTHWGTIPSKALRHAVSRIIEFNQNPLYSDHSRLLRSSFADILNHADNVINQQTRMRQGFYERNHCEILQGNARFVDEHTLALDCPDGSVETLTAEKFVIACGSRPYHPTDVDFTHPRIYDSDSILSMHHEPRHVLIYGAGVIGCEYASIFRGMDVKVDLINTRDRLLAFLDQEMSDSLSYHFWNSGVVIRHNEEYEKIEGCDDGVIMHLKSGKKLKADCLLYANGRTGNTDSLALQNIGLETDSRGQLKVNSMYQTAQPHVYAVGDVIGYPSLASAAYDQGRIAAQALVKGEATAHLIEDIPTGIYTIPEISSVGKTEQQLTAMKVPYEVGRAQFKHLARAQIVGMNVGTLKILFHRETKEILGIHCFGERAAEIIHIGQAIMEQKGGGNTIEYFVNTTFNYPTMAEAYRVAALNGLNRLF:MPHSYDYDAIVIGSGPGGEGAAMGLVKQGARVAVIERYQNVGGGCTHWGTIPSKALRHAVSRIIEFNQNPLYSDHSRLLRSSFADILNHADNVINQQTRMRQGFYERNHCEILQGNARFVDEHTLALDCPDGSVETLTAEKFVIACGSRPYHPTDVDFTHPRIYDSDSILSMHHEPRHVLIYGAGVIGCEYASIFRGMDVKVDLINTRDRLLAFLDQEMSDSLSYHFWNSGVVIRHNEEYEKIEGCDDGVIMHLKSGKKLKADCLLYANGRTGNTDSLALQNIGLETDSRGQLKVNSMYQTAQPHVYAVGDVIGYPSLASAAYDQGRIAAQALVKGEATAHLIEDIPTGIYTIPEISSVGKTEQQLTAMKVPYEVGRAQFKHLARAQIVGMNVGTLKILFHRETKEILGIHCFGERAAEIIHIGQAIMEQKGGGNTIEYFVNTTFNYPTMAEAYRVAALNGLNRLF:MPHSYDYDAIVIGSGPGGEGAAMGLVKQGARVAVIERYQNVGGGCTHWGTIPSKALRHAVSRIIEFNQNPLYSDHSRLLRSSFADILNHADNVINQQTRMRQGFYERNHCEILQGNARFVDEHTLALDCPDGSVETLTAEKFVIACGSRPYHPTDVDFTHPRIYDSDSILSMHHEPRHVLIYGAGVIGCEYASIFRGMDVKVDLINTRDRLLAFLDQEMSDSLSYHFWNSGVVIRHNEEYEKIEGCDDGVIMHLKSGKKLKADCLLYANGRTGNTDSLALQNIGLETDSRGQLKVNSMYQTAQPHVYAVGDVIGYPSLASAAYDQGRIAAQALVKGEATAHLIEDIPTGIYTIPEISSVGKTEQQLTAMKVPYEVGRAQFKHLARAQIVGMNVGTLKILFHRETKEILGIHCFGERAAEIIHIGQAIMEQKGGGNTIEYFVNTTFNYPTMAEAYRVAALNGLNRLF:MPHSYDYDAIVIGSGPGGEGAAMGLVKQGARVAVIERYQNVGGGCTHWGTIPSKALRHAVSRIIEFNQNPLYSDHSRLLRSSFADILNHADNVINQQTRMRQGFYERNHCEILQGNARFVDEHTLALDCPDGSVETLTAEKFVIACGSRPYHPTDVDFTHPRIYDSDSILSMHHEPRHVLIYGAGVIGCEYASIFRGMDVKVDLINTRDRLLAFLDQEMSDSLSYHFWNSGVVIRHNEEYEKIEGCDDGVIMHLKSGKKLKADCLLYANGRTGNTDSLALQNIGLETDSRGQLKVNSMYQTAQPHVYAVGDVIGYPSLASAAYDQGRIAAQALVKGEATAHLIEDIPTGIYTIPEISSVGKTEQQLTAMKVPYEVGRAQFKHLARAQIVGMNVGTLKILFHRETKEILGIHCFGERAAEIIHIGQAIMEQKGGGNTIEYFVNTTFNYPTMAEAYRVAALNGLNRLF:MPHSYDYDAIVIGSGPGGEGAAMGLVKQGARVAVIERYQNVGGGCTHWGTIPSKALRHAVSRIIEFNQNPLYSDHSRLLRSSFADILNHADNVINQQTRMRQGFYERNHCEILQGNARFVDEHTLALDCPDGSVETLTAEKFVIACGSRPYHPTDVDFTHPRIYDSDSILSMHHEPRHVLIYGAGVIGCEYASIFRGMDVKVDLINTRDRLLAFLDQEMSDSLSYHFWNSGVVIRHNEEYEKIEGCDDGVIMHLKSGKKLKADCLLYANGRTGNTDSLALQNIGLETDSRGQLKVNSMYQTAQPHVYAVGDVIGYPSLASAAYDQGRIAAQALVKGEATAHLIEDIPTGIYTIPEISSVGKTEQQLTAMKVPYEVGRAQFKHLARAQIVGMNVGTLKILFHRETKEILGIHCFGERAAEIIHIGQAIMEQKGGGNTIEYFVNTTFNYPTMAEAYRVAALNGLNRLF,3735
UDPHYDROXYMYRGLUCOSAMNACETYLTRANS-TRI,{'b0179': 3},UDPHYDROXYMYRGLUCOSAMNACETYLTRANS-MONO,,True,,,mono,3,MPSIRLADLAQQLDAELHGDGDIVITGVASMQSAQTGHITFMVNPKYREHLGLCQASAVVMTQDDLPFAKSAALVVKNPYLTYARMAQILDTTPQPAQNIAPSAVIDATAKLGNNVSIGANAVIESGVELGDNVIIGAGCFVGKNSKIGAGSRLWANVTIYHEIQIGQNCLIQSGTVVGADGFGYANDRGNWVKIPQIGRVIIGDRVEIGACTTIDRGALDDTIIGNGVIIDNQCQIAHNVVIGDNTAVAGGVIMAGSLKIGRYCMIGGASVINGHMEICDKVTVTGMGMVMRPITEPGVYSSGIPLQPNKVWRKTAALVMNIDDMSKRLKSLERKVNQQD:MPSIRLADLAQQLDAELHGDGDIVITGVASMQSAQTGHITFMVNPKYREHLGLCQASAVVMTQDDLPFAKSAALVVKNPYLTYARMAQILDTTPQPAQNIAPSAVIDATAKLGNNVSIGANAVIESGVELGDNVIIGAGCFVGKNSKIGAGSRLWANVTIYHEIQIGQNCLIQSGTVVGADGFGYANDRGNWVKIPQIGRVIIGDRVEIGACTTIDRGALDDTIIGNGVIIDNQCQIAHNVVIGDNTAVAGGVIMAGSLKIGRYCMIGGASVINGHMEICDKVTVTGMGMVMRPITEPGVYSSGIPLQPNKVWRKTAALVMNIDDMSKRLKSLERKVNQQD:MPSIRLADLAQQLDAELHGDGDIVITGVASMQSAQTGHITFMVNPKYREHLGLCQASAVVMTQDDLPFAKSAALVVKNPYLTYARMAQILDTTPQPAQNIAPSAVIDATAKLGNNVSIGANAVIESGVELGDNVIIGAGCFVGKNSKIGAGSRLWANVTIYHEIQIGQNCLIQSGTVVGADGFGYANDRGNWVKIPQIGRVIIGDRVEIGACTTIDRGALDDTIIGNGVIIDNQCQIAHNVVIGDNTAVAGGVIMAGSLKIGRYCMIGGASVINGHMEICDKVTVTGMGMVMRPITEPGVYSSGIPLQPNKVWRKTAALVMNIDDMSKRLKSLERKVNQQD,1025
Unmodelled_HEXAMER_b0107,{'b0107': 6},,,,True,,mono,6,MNIPQLTALCLRYHGVLLDASEEVVHVAVVDAPSHELLDALHFATTKRIEITCWTRQQMEGHASRTQQTLPVAVQEKHQPKAELLTRTLQSALEQRASDIHIEPADNAYRIRLRIDGVLHPLPDVSPDAGVALTARLKVLGNLDIAEHRLPQDGQFTVELAGNAVSFRIATLPCRGGEKVVLRLLQQVGQALDVNTLGMQPLQLADFAHALQQPQGLVLVTGPTGSGKTVTLYSALQKLNTADINICSVEDPVEIPIAGLNQTQIHPRAGLTFQGVLRALLRQDPDVIMIGEIRDGETAEIAIKAAQTGHLVLSTLHTNSTCETLVRLQQMGVARWMLSSALTLVIAQRLVRKLCPHCRRQQGEPIHIPDNVWPSPLPHWQAPGCVHCYHGFYGRTALFEVLPITPVIRQLISANTDVESLETHARQAGMRTLFENGCLAVEQGLTTFEELIRVLGMPHGE:MNIPQLTALCLRYHGVLLDASEEVVHVAVVDAPSHELLDALHFATTKRIEITCWTRQQMEGHASRTQQTLPVAVQEKHQPKAELLTRTLQSALEQRASDIHIEPADNAYRIRLRIDGVLHPLPDVSPDAGVALTARLKVLGNLDIAEHRLPQDGQFTVELAGNAVSFRIATLPCRGGEKVVLRLLQQVGQALDVNTLGMQPLQLADFAHALQQPQGLVLVTGPTGSGKTVTLYSALQKLNTADINICSVEDPVEIPIAGLNQTQIHPRAGLTFQGVLRALLRQDPDVIMIGEIRDGETAEIAIKAAQTGHLVLSTLHTNSTCETLVRLQQMGVARWMLSSALTLVIAQRLVRKLCPHCRRQQGEPIHIPDNVWPSPLPHWQAPGCVHCYHGFYGRTALFEVLPITPVIRQLISANTDVESLETHARQAGMRTLFENGCLAVEQGLTTFEELIRVLGMPHGE:MNIPQLTALCLRYHGVLLDASEEVVHVAVVDAPSHELLDALHFATTKRIEITCWTRQQMEGHASRTQQTLPVAVQEKHQPKAELLTRTLQSALEQRASDIHIEPADNAYRIRLRIDGVLHPLPDVSPDAGVALTARLKVLGNLDIAEHRLPQDGQFTVELAGNAVSFRIATLPCRGGEKVVLRLLQQVGQALDVNTLGMQPLQLADFAHALQQPQGLVLVTGPTGSGKTVTLYSALQKLNTADINICSVEDPVEIPIAGLNQTQIHPRAGLTFQGVLRALLRQDPDVIMIGEIRDGETAEIAIKAAQTGHLVLSTLHTNSTCETLVRLQQMGVARWMLSSALTLVIAQRLVRKLCPHCRRQQGEPIHIPDNVWPSPLPHWQAPGCVHCYHGFYGRTALFEVLPITPVIRQLISANTDVESLETHARQAGMRTLFENGCLAVEQGLTTFEELIRVLGMPHGE:MNIPQLTALCLRYHGVLLDASEEVVHVAVVDAPSHELLDALHFATTKRIEITCWTRQQMEGHASRTQQTLPVAVQEKHQPKAELLTRTLQSALEQRASDIHIEPADNAYRIRLRIDGVLHPLPDVSPDAGVALTARLKVLGNLDIAEHRLPQDGQFTVELAGNAVSFRIATLPCRGGEKVVLRLLQQVGQALDVNTLGMQPLQLADFAHALQQPQGLVLVTGPTGSGKTVTLYSALQKLNTADINICSVEDPVEIPIAGLNQTQIHPRAGLTFQGVLRALLRQDPDVIMIGEIRDGETAEIAIKAAQTGHLVLSTLHTNSTCETLVRLQQMGVARWMLSSALTLVIAQRLVRKLCPHCRRQQGEPIHIPDNVWPSPLPHWQAPGCVHCYHGFYGRTALFEVLPITPVIRQLISANTDVESLETHARQAGMRTLFENGCLAVEQGLTTFEELIRVLGMPHGE:MNIPQLTALCLRYHGVLLDASEEVVHVAVVDAPSHELLDALHFATTKRIEITCWTRQQMEGHASRTQQTLPVAVQEKHQPKAELLTRTLQSALEQRASDIHIEPADNAYRIRLRIDGVLHPLPDVSPDAGVALTARLKVLGNLDIAEHRLPQDGQFTVELAGNAVSFRIATLPCRGGEKVVLRLLQQVGQALDVNTLGMQPLQLADFAHALQQPQGLVLVTGPTGSGKTVTLYSALQKLNTADINICSVEDPVEIPIAGLNQTQIHPRAGLTFQGVLRALLRQDPDVIMIGEIRDGETAEIAIKAAQTGHLVLSTLHTNSTCETLVRLQQMGVARWMLSSALTLVIAQRLVRKLCPHCRRQQGEPIHIPDNVWPSPLPHWQAPGCVHCYHGFYGRTALFEVLPITPVIRQLISANTDVESLETHARQAGMRTLFENGCLAVEQGLTTFEELIRVLGMPHGE:MNIPQLTALCLRYHGVLLDASEEVVHVAVVDAPSHELLDALHFATTKRIEITCWTRQQMEGHASRTQQTLPVAVQEKHQPKAELLTRTLQSALEQRASDIHIEPADNAYRIRLRIDGVLHPLPDVSPDAGVALTARLKVLGNLDIAEHRLPQDGQFTVELAGNAVSFRIATLPCRGGEKVVLRLLQQVGQALDVNTLGMQPLQLADFAHALQQPQGLVLVTGPTGSGKTVTLYSALQKLNTADINICSVEDPVEIPIAGLNQTQIHPRAGLTFQGVLRALLRQDPDVIMIGEIRDGETAEIAIKAAQTGHLVLSTLHTNSTCETLVRLQQMGVARWMLSSALTLVIAQRLVRKLCPHCRRQQGEPIHIPDNVWPSPLPHWQAPGCVHCYHGFYGRTALFEVLPITPVIRQLISANTDVESLETHARQAGMRTLFENGCLAVEQGLTTFEELIRVLGMPHGE,2771
MALTODEXGLUCOSID-DIMER,{'b0403': 2},MALTODEXGLUCOSID-MONOMER,,True,,,mono,2,MLNAWHLPVPPFVKQSKDQLLITLWLTGEDPPQRIMLRTEHDNEEMSVPMHKQRSQPQPGVTAWRAAIDLSSGQPRRRYSFKLLWHDRQRWFTPQGFSRMPPARLEQFAVDVPDIGPQWAADQIFYQIFPDRFARSLPREAEQDHVYYHHAAGQEIILRDWDEPVTAQAGGSTFYGGDLDGISEKLPYLKKLGVTALYLNPVFKAPSVHKYDTEDYRHVDPQFGGDGALLRLRHNTQQLGMRLVLDGVFNHSGDSHAWFDRHNRGTGGACHNPESPWRDWYSFSDDGTALDWLGYASLPKLDYQSESLVNEIYRGEDSIVRHWLKAPWNMDGWRLDVVHMLGEAGGARNNMQHVAGITEAAKETQPEAYIVGEHFGDARQWLQADVEDAAMNYRGFTFPLWGFLANTDISYDPQQIDAQTCMAWMDNYRAGLSHQQQLRMFNQLDSHDTARFKTLLGRDIARLPLAVVWLFTWPGVPCIYYGDEVGLDGKNDPFCRKPFPWQVEKQDTALFALYQRMIALRKKSQALRHGGCQVLYAEDNVVVFVRVLNQQRVLVAINRGEACEVVLPASPFLNAVQWQCKEGHGQLTDGILALPAISATVWMN:MLNAWHLPVPPFVKQSKDQLLITLWLTGEDPPQRIMLRTEHDNEEMSVPMHKQRSQPQPGVTAWRAAIDLSSGQPRRRYSFKLLWHDRQRWFTPQGFSRMPPARLEQFAVDVPDIGPQWAADQIFYQIFPDRFARSLPREAEQDHVYYHHAAGQEIILRDWDEPVTAQAGGSTFYGGDLDGISEKLPYLKKLGVTALYLNPVFKAPSVHKYDTEDYRHVDPQFGGDGALLRLRHNTQQLGMRLVLDGVFNHSGDSHAWFDRHNRGTGGACHNPESPWRDWYSFSDDGTALDWLGYASLPKLDYQSESLVNEIYRGEDSIVRHWLKAPWNMDGWRLDVVHMLGEAGGARNNMQHVAGITEAAKETQPEAYIVGEHFGDARQWLQADVEDAAMNYRGFTFPLWGFLANTDISYDPQQIDAQTCMAWMDNYRAGLSHQQQLRMFNQLDSHDTARFKTLLGRDIARLPLAVVWLFTWPGVPCIYYGDEVGLDGKNDPFCRKPFPWQVEKQDTALFALYQRMIALRKKSQALRHGGCQVLYAEDNVVVFVRVLNQQRVLVAINRGEACEVVLPASPFLNAVQWQCKEGHGQLTDGILALPAISATVWMN,1209
ACETATEKINA-DIMER,{'b2296': 2},ACETATEKINA-MONOMER,,True,,,mono,2,MSSKLVLVLNCGSSSLKFAIIDAVNGEEYLSGLAECFHLPEARIKWKMDGNKQEAALGAGAAHSEALNFIVNTILAQKPELSAQLTAIGHRIVHGGEKYTSSVVIDESVIQGIKDAASFAPLHNPAHLIGIEEALKSFPQLKDKNVAVFDTAFHQTMPEESYLYALPYNLYKEHGIRRYGAHGTSHFYVTQEAAKMLNKPVEELNIITCHLGNGGSVSAIRNGKCVDTSMGLTPLEGLVMGTRSGDIDPAIIFHLHDTLGMSVDAINKLLTKESGLLGLTEVTSDCRYVEDNYATKEDAKRAMDVYCHRLAKYIGAYTALMDGRLDAVVFTGGIGENAAMVRELSLGKLGVLGFEVDHERNLAARFGKSGFINKEGTRPAVVIPTNEELVIAQDASRLTA:MSSKLVLVLNCGSSSLKFAIIDAVNGEEYLSGLAECFHLPEARIKWKMDGNKQEAALGAGAAHSEALNFIVNTILAQKPELSAQLTAIGHRIVHGGEKYTSSVVIDESVIQGIKDAASFAPLHNPAHLIGIEEALKSFPQLKDKNVAVFDTAFHQTMPEESYLYALPYNLYKEHGIRRYGAHGTSHFYVTQEAAKMLNKPVEELNIITCHLGNGGSVSAIRNGKCVDTSMGLTPLEGLVMGTRSGDIDPAIIFHLHDTLGMSVDAINKLLTKESGLLGLTEVTSDCRYVEDNYATKEDAKRAMDVYCHRLAKYIGAYTALMDGRLDAVVFTGGIGENAAMVRELSLGKLGVLGFEVDHERNLAARFGKSGFINKEGTRPAVVIPTNEELVIAQDASRLTA,801
AROE-TETRAMER,{'b3281': 4},AROE-MONOMER,,True,,,mono,4,METYAVFGNPIAHSKSPFIHQQFAQQLNIEHPYGRVLAPINDFINTLNAFFSAGGKGANVTVPFKEEAFARADELTERAALAGAVNTLMRLEDGRLLGDNTDGVGLLSDLERLSFIRPGLRILLIGAGGASRGVLLPLLSLDCAVTITNRTVSRAEELAKLFAHTGSIQALSMDELEGHEFDLIINATSSGISGDIPAIPSSLIHPGIYCYDMFYQKGKTPFLAWCEQRGSKRNADGLGMLVAQAAHAFLLWHGVLPDVEPVIKQLQEELSA:METYAVFGNPIAHSKSPFIHQQFAQQLNIEHPYGRVLAPINDFINTLNAFFSAGGKGANVTVPFKEEAFARADELTERAALAGAVNTLMRLEDGRLLGDNTDGVGLLSDLERLSFIRPGLRILLIGAGGASRGVLLPLLSLDCAVTITNRTVSRAEELAKLFAHTGSIQALSMDELEGHEFDLIINATSSGISGDIPAIPSSLIHPGIYCYDMFYQKGKTPFLAWCEQRGSKRNADGLGMLVAQAAHAFLLWHGVLPDVEPVIKQLQEELSA:METYAVFGNPIAHSKSPFIHQQFAQQLNIEHPYGRVLAPINDFINTLNAFFSAGGKGANVTVPFKEEAFARADELTERAALAGAVNTLMRLEDGRLLGDNTDGVGLLSDLERLSFIRPGLRILLIGAGGASRGVLLPLLSLDCAVTITNRTVSRAEELAKLFAHTGSIQALSMDELEGHEFDLIINATSSGISGDIPAIPSSLIHPGIYCYDMFYQKGKTPFLAWCEQRGSKRNADGLGMLVAQAAHAFLLWHGVLPDVEPVIKQLQEELSA:METYAVFGNPIAHSKSPFIHQQFAQQLNIEHPYGRVLAPINDFINTLNAFFSAGGKGANVTVPFKEEAFARADELTERAALAGAVNTLMRLEDGRLLGDNTDGVGLLSDLERLSFIRPGLRILLIGAGGASRGVLLPLLSLDCAVTITNRTVSRAEELAKLFAHTGSIQALSMDELEGHEFDLIINATSSGISGDIPAIPSSLIHPGIYCYDMFYQKGKTPFLAWCEQRGSKRNADGLGMLVAQAAHAFLLWHGVLPDVEPVIKQLQEELSA,1091
G6358-TETRAMER,{'b0651': 4},G6358-MONOMER,,True,,,mono,4,MALPILLDCDPGHDDAIAIVLALASPELDVKAITSSAGNQTPEKTLRNVLRMLTLLNRTDIPVAGGAVKPLMRELIIADNVHGESGLDGPALPEPTFAPQNCTAVELMAKTLRESAEPVTIVSTGPQTNVALLLNSHPELHSKIARIVIMGGAMGLGNWTPAAEFNIYVDPEAAEIVFQSGIPVVMAGLDVTHKAQIHVEDTERFRAIGNPVSTIVAELLDFFLEYHKDEKWGFVGAPLHDPCTIAWLLKPELFTSVERWVGVETQGKYTQGMTVVDYYYLTGNKPNATVMVDVDRQGFVDLLADRLKFYA:MALPILLDCDPGHDDAIAIVLALASPELDVKAITSSAGNQTPEKTLRNVLRMLTLLNRTDIPVAGGAVKPLMRELIIADNVHGESGLDGPALPEPTFAPQNCTAVELMAKTLRESAEPVTIVSTGPQTNVALLLNSHPELHSKIARIVIMGGAMGLGNWTPAAEFNIYVDPEAAEIVFQSGIPVVMAGLDVTHKAQIHVEDTERFRAIGNPVSTIVAELLDFFLEYHKDEKWGFVGAPLHDPCTIAWLLKPELFTSVERWVGVETQGKYTQGMTVVDYYYLTGNKPNATVMVDVDRQGFVDLLADRLKFYA:MALPILLDCDPGHDDAIAIVLALASPELDVKAITSSAGNQTPEKTLRNVLRMLTLLNRTDIPVAGGAVKPLMRELIIADNVHGESGLDGPALPEPTFAPQNCTAVELMAKTLRESAEPVTIVSTGPQTNVALLLNSHPELHSKIARIVIMGGAMGLGNWTPAAEFNIYVDPEAAEIVFQSGIPVVMAGLDVTHKAQIHVEDTERFRAIGNPVSTIVAELLDFFLEYHKDEKWGFVGAPLHDPCTIAWLLKPELFTSVERWVGVETQGKYTQGMTVVDYYYLTGNKPNATVMVDVDRQGFVDLLADRLKFYA:MALPILLDCDPGHDDAIAIVLALASPELDVKAITSSAGNQTPEKTLRNVLRMLTLLNRTDIPVAGGAVKPLMRELIIADNVHGESGLDGPALPEPTFAPQNCTAVELMAKTLRESAEPVTIVSTGPQTNVALLLNSHPELHSKIARIVIMGGAMGLGNWTPAAEFNIYVDPEAAEIVFQSGIPVVMAGLDVTHKAQIHVEDTERFRAIGNPVSTIVAELLDFFLEYHKDEKWGFVGAPLHDPCTIAWLLKPELFTSVERWVGVETQGKYTQGMTVVDYYYLTGNKPNATVMVDVDRQGFVDLLADRLKFYA,1247
