,structureId,chainId,chainAAseq,polymer_entity_seq_len
0,5nik-assembly1,A,ENLMQVYQQARLSNPELRKSAADRDAAFEKINEARSPLLPQLGLGADYTYSNGYRDANGINSNATSASLQLTQSIFDMSKWRALTLQEKAAGIQDVTYQTDQQTLILNTATAYFNVLNAIDVLSYTQAQKEAIYRQLDQTTQRFNVGLVAITDVQNARAQYDTVLANELTARNNLDNAVEQLRQITGNYYPELAALNVENFKTDKPQPVNALLKEAEKRNLSLLQARLSQDLAREQIRQAQDGHLPTLDLTASTGISDTSYSGSKTRGAAGTQYDDSNMGQNKVGLSFSLPIYQGGMVNSQVKQAQYNFVGASEQLESAHRSVVQTVRSSFNNINASISSINAYKQAVVSAQSSLDAMEAGYSVGTRTIVDVLDATTTLYNAKQELANARYNYLINQLNIKSALGTLNEQDLLALNNALSKPVSTNPE,428
1,5nik-assembly1,B,ENLMQVYQQARLSNPELRKSAADRDAAFEKINEARSPLLPQLGLGADYTYSNGYRDANGINSNATSASLQLTQSIFDMSKWRALTLQEKAAGIQDVTYQTDQQTLILNTATAYFNVLNAIDVLSYTQAQKEAIYRQLDQTTQRFNVGLVAITDVQNARAQYDTVLANELTARNNLDNAVEQLRQITGNYYPELAALNVENFKTDKPQPVNALLKEAEKRNLSLLQARLSQDLAREQIRQAQDGHLPTLDLTASTGISDTSYSGSKTRGAAGTQYDDSNMGQNKVGLSFSLPIYQGGMVNSQVKQAQYNFVGASEQLESAHRSVVQTVRSSFNNINASISSINAYKQAVVSAQSSLDAMEAGYSVGTRTIVDVLDATTTLYNAKQELANARYNYLINQLNIKSALGTLNEQDLLALNNALSKPVSTNPE,428
2,5nik-assembly1,C,ENLMQVYQQARLSNPELRKSAADRDAAFEKINEARSPLLPQLGLGADYTYSNGYRDANGINSNATSASLQLTQSIFDMSKWRALTLQEKAAGIQDVTYQTDQQTLILNTATAYFNVLNAIDVLSYTQAQKEAIYRQLDQTTQRFNVGLVAITDVQNARAQYDTVLANELTARNNLDNAVEQLRQITGNYYPELAALNVENFKTDKPQPVNALLKEAEKRNLSLLQARLSQDLAREQIRQAQDGHLPTLDLTASTGISDTSYSGSKTRGAAGTQYDDSNMGQNKVGLSFSLPIYQGGMVNSQVKQAQYNFVGASEQLESAHRSVVQTVRSSFNNINASISSINAYKQAVVSAQSSLDAMEAGYSVGTRTIVDVLDATTTLYNAKQELANARYNYLINQLNIKSALGTLNEQDLLALNNALSKPVSTNPE,428
3,5nik-assembly1,D,PVPTYQTLIVRPGDLQQSVLATGKLDALRKVDVGAQVSGQLKTLSVAIGDKVKKDQLLGVIDPEQAENQIKEVEATLMELRAQRQQAEAELKLARVTYSRQQRLAQTQAVSQQDLDNAATEMAVKQAQIGTIDAQIKRNQASLDTAKTNLDYTRIVAPMAGEVTQITTLQGQTVIAAQQAPNILTLADMSAMLVKAQVSEADVIHLKPGQKAWFTVLGDQLTRYEGQIKDVLPTPEKVNDAIFYYARFEVPNPNGLLRLDMTAQVHIQLTDVKNVLTIPLSALGDPVGDNRYKVKLLRNGETREREVTIGARNDTDVEIVKGLEAGDEVVIGEAKPGAAQ,340
4,5nik-assembly1,E,PVPTYQTLIVRPGDLQQSVLATGKLDALRKVDVGAQVSGQLKTLSVAIGDKVKKDQLLGVIDPEQAENQIKEVEATLMELRAQRQQAEAELKLARVTYSRQQRLAQTQAVSQQDLDNAATEMAVKQAQIGTIDAQIKRNQASLDTAKTNLDYTRIVAPMAGEVTQITTLQGQTVIAAQQAPNILTLADMSAMLVKAQVSEADVIHLKPGQKAWFTVLGDQLTRYEGQIKDVLPTPEKVNDAIFYYARFEVPNPNGLLRLDMTAQVHIQLTDVKNVLTIPLSALGDPVGDNRYKVKLLRNGETREREVTIGARNDTDVEIVKGLEAGDEVVIGEAKPGAAQ,340
5,5nik-assembly1,F,PVPTYQTLIVRPGDLQQSVLATGKLDALRKVDVGAQVSGQLKTLSVAIGDKVKKDQLLGVIDPEQAENQIKEVEATLMELRAQRQQAEAELKLARVTYSRQQRLAQTQAVSQQDLDNAATEMAVKQAQIGTIDAQIKRNQASLDTAKTNLDYTRIVAPMAGEVTQITTLQGQTVIAAQQAPNILTLADMSAMLVKAQVSEADVIHLKPGQKAWFTVLGDQLTRYEGQIKDVLPTPEKVNDAIFYYARFEVPNPNGLLRLDMTAQVHIQLTDVKNVLTIPLSALGDPVGDNRYKVKLLRNGETREREVTIGARNDTDVEIVKGLEAGDEVVIGEAKPGAAQ,340
6,5nik-assembly1,G,PVPTYQTLIVRPGDLQQSVLATGKLDALRKVDVGAQVSGQLKTLSVAIGDKVKKDQLLGVIDPEQAENQIKEVEATLMELRAQRQQAEAELKLARVTYSRQQRLAQTQAVSQQDLDNAATEMAVKQAQIGTIDAQIKRNQASLDTAKTNLDYTRIVAPMAGEVTQITTLQGQTVIAAQQAPNILTLADMSAMLVKAQVSEADVIHLKPGQKAWFTVLGDQLTRYEGQIKDVLPTPEKVNDAIFYYARFEVPNPNGLLRLDMTAQVHIQLTDVKNVLTIPLSALGDPVGDNRYKVKLLRNGETREREVTIGARNDTDVEIVKGLEAGDEVVIGEAKPGAAQ,340
7,5nik-assembly1,H,PVPTYQTLIVRPGDLQQSVLATGKLDALRKVDVGAQVSGQLKTLSVAIGDKVKKDQLLGVIDPEQAENQIKEVEATLMELRAQRQQAEAELKLARVTYSRQQRLAQTQAVSQQDLDNAATEMAVKQAQIGTIDAQIKRNQASLDTAKTNLDYTRIVAPMAGEVTQITTLQGQTVIAAQQAPNILTLADMSAMLVKAQVSEADVIHLKPGQKAWFTVLGDQLTRYEGQIKDVLPTPEKVNDAIFYYARFEVPNPNGLLRLDMTAQVHIQLTDVKNVLTIPLSALGDPVGDNRYKVKLLRNGETREREVTIGARNDTDVEIVKGLEAGDEVVIGEAKPGAAQ,340
8,5nik-assembly1,I,PVPTYQTLIVRPGDLQQSVLATGKLDALRKVDVGAQVSGQLKTLSVAIGDKVKKDQLLGVIDPEQAENQIKEVEATLMELRAQRQQAEAELKLARVTYSRQQRLAQTQAVSQQDLDNAATEMAVKQAQIGTIDAQIKRNQASLDTAKTNLDYTRIVAPMAGEVTQITTLQGQTVIAAQQAPNILTLADMSAMLVKAQVSEADVIHLKPGQKAWFTVLGDQLTRYEGQIKDVLPTPEKVNDAIFYYARFEVPNPNGLLRLDMTAQVHIQLTDVKNVLTIPLSALGDPVGDNRYKVKLLRNGETREREVTIGARNDTDVEIVKGLEAGDEVVIGEAKPGAAQ,340
9,5nik-assembly1,J,MTPLLELKDIRRSYPAGDEQVEVLKGISLDIYAGEMVAIVGASGSGKSTLMNILGCLDKATSGTYRVAGQDVATLDADALAQLRREHFGFIFQRYHLLSHLTAEQNVEVPAVYAGLERKQRLLRAQELLQRLGLEDRTEYYPAQLSGGQQQRVSIARALMNGGQVILADEPTGALDSHSGEEVMAILHQLRDRGHTVIIVTHDPQVAAQAERVIEIRDGEIVRNPPGWRQFVSGFNEALTMAWRALAANKMRTLLTMLGIIIGIASVVSIVVVGDAAKQMVLADIRSIGTNTIDVYPGKDFGDDDPQYQQALKYDDLIAIQKQPWVASATPAVSQNLRLRYNNVDVAASANGVSGDYFNVYGMTFSEGNTFNQEQLNGRAQVVVLDSNTRRQLFPHKADVVGEVILVGNMPARVIGVAEEKQSMFGSSKVLRVWLPYSTMSGRVMGQSWLNSITVRVKEGFDSAEAEQQLTRLLSLRHGKKDFFTWNMDGVLKTVEKTTRTLQLFLTLVAVISLVVGGIGVMNIMLVSVTERTREIGIRMAVGARASDVLQQFLIEAVLVCLVGGALGITLSLLIAFTLQLFLPGWEIGFSPLALLLAFLCSTVTGILFGWLPARNAARLDPVDALARE,629
10,5nik-assembly1,K,MTPLLELKDIRRSYPAGDEQVEVLKGISLDIYAGEMVAIVGASGSGKSTLMNILGCLDKATSGTYRVAGQDVATLDADALAQLRREHFGFIFQRYHLLSHLTAEQNVEVPAVYAGLERKQRLLRAQELLQRLGLEDRTEYYPAQLSGGQQQRVSIARALMNGGQVILADEPTGALDSHSGEEVMAILHQLRDRGHTVIIVTHDPQVAAQAERVIEIRDGEIVRNPPGWRQFVSGFNEALTMAWRALAANKMRTLLTMLGIIIGIASVVSIVVVGDAAKQMVLADIRSIGTNTIDVYPGKDFGDDDPQYQQALKYDDLIAIQKQPWVASATPAVSQNLRLRYNNVDVAASANGVSGDYFNVYGMTFSEGNTFNQEQLNGRAQVVVLDSNTRRQLFPHKADVVGEVILVGNMPARVIGVAEEKQSMFGSSKVLRVWLPYSTMSGRVMGQSWLNSITVRVKEGFDSAEAEQQLTRLLSLRHGKKDFFTWNMDGVLKTVEKTTRTLQLFLTLVAVISLVVGGIGVMNIMLVSVTERTREIGIRMAVGARASDVLQQFLIEAVLVCLVGGALGITLSLLIAFTLQLFLPGWEIGFSPLALLLAFLCSTVTGILFGWLPARNAARLDPVDALARE,629
11,AF-P0CF88-F1-model_v2,A,MRRTFTAEEKASVFELWKNGTGFSEIANILGSKPGTIFTMLRDTGGIKPHERKRAVAHLTLSEREEIRAGLSAKMSIRAIATALNRSPSTISREVQRNRGRRYYKAVDANNRANRMAKRPKPCLLDQNLPLRKLVLEKLEMKWSPEQISGWLRRTKPRQKTLRISPETIYKTLYFRSREALHHLNIQHLRRSHSLRHGRRHTRKGERGTINIVNGTPIHERSRNIDNRRSLGHWEGDLVSGTKNSHIATLVDRKSRYTIIVRLRGKDSVSVNQALTDKFLSLPSELRKSLTWDRGMELARHLEFTVSTGVKVYFCDPQSPWQRGTNENTNGLIRQYFPKKTCLAQYTQHELDLVAAQLNNRPRKTLKFKTPKEIIERGVALTD,383
12,AF-P33596-F1-model_v2,A,MTESTSRRPAYARLLDRAVRILAVRDHSEQELRRKLAAPIMGKNGPEEIDATAEDYERVIAWCHEHGYLDDSRFVARFIASRSRKGYGPARIRQELNQKGISREATEKAMRECDIDWCALARDQATRKYGEPLPTVFSEKVKIQRFLLYRGYLMEDIQEIWRNFAD,166
13,P21645_1_341_3eh0,A,MPSIRLADLAQQLDAELHGDGDIVITGVASMQSAQTGHITFMVNPKYREHLGLCQASAVVMTQDDLPFAKSAALVVKNPYLTYARMAQILDTTPQPAQNIAPSAVIDATAKLGNNVSIGANAVIESGVELGDNVIIGAGCFVGKNSKIGAGSRLWANVTIYHEIQIGQNCLIQSGTVVGADGFGYANDRGNWVKIPQIGRVIIGDRVEIGACTTIDRGALDDTIIGNGVIIDNQCQIAHNVVIGDNTAVAGGVIMAGSLKIGRYCMIGGASVINGHMEICDKVTVTGMGMVMRPITEPGVYSSGIPLQPNKVWRKTAALVMNIDDMSKRLKSLERKVNQQD,341
14,P21645_1_341_3eh0,B,MPSIRLADLAQQLDAELHGDGDIVITGVASMQSAQTGHITFMVNPKYREHLGLCQASAVVMTQDDLPFAKSAALVVKNPYLTYARMAQILDTTPQPAQNIAPSAVIDATAKLGNNVSIGANAVIESGVELGDNVIIGAGCFVGKNSKIGAGSRLWANVTIYHEIQIGQNCLIQSGTVVGADGFGYANDRGNWVKIPQIGRVIIGDRVEIGACTTIDRGALDDTIIGNGVIIDNQCQIAHNVVIGDNTAVAGGVIMAGSLKIGRYCMIGGASVINGHMEICDKVTVTGMGMVMRPITEPGVYSSGIPLQPNKVWRKTAALVMNIDDMSKRLKSLERKVNQQD,341
15,P21645_1_341_3eh0,C,MPSIRLADLAQQLDAELHGDGDIVITGVASMQSAQTGHITFMVNPKYREHLGLCQASAVVMTQDDLPFAKSAALVVKNPYLTYARMAQILDTTPQPAQNIAPSAVIDATAKLGNNVSIGANAVIESGVELGDNVIIGAGCFVGKNSKIGAGSRLWANVTIYHEIQIGQNCLIQSGTVVGADGFGYANDRGNWVKIPQIGRVIIGDRVEIGACTTIDRGALDDTIIGNGVIIDNQCQIAHNVVIGDNTAVAGGVIMAGSLKIGRYCMIGGASVINGHMEICDKVTVTGMGMVMRPITEPGVYSSGIPLQPNKVWRKTAALVMNIDDMSKRLKSLERKVNQQD,341
16,AF-P0AE58-F1-model_v2,A,MCEGYVEKPLYLLIAEWMMAENRWVIAREISIHFDIEHSKAVNTLTYILSEVTEISCEVKMIPNKLEGRGCQCQRLVKVVDIDEQIYARLRNNSREKLVGVRKTPRIPAVPLTELNREQKWQMMLSKSMRR,131
17,P36645_77_458_5zfr,A,QPKAELLTRTLQSALEQRASDIHIEPADNAYRIRLRIDGVLHPLPDVSPDAGVALTARLKVLGNLDIAEHRLPQDGQFTVELAGNAVSFRIATLPCRGGEKVVLRLLQQVGQALDVNTLGMQPLQLADFAHALQQPQGLVLVTGPTGSGKTVTLYSALQKLNTADINICSVEDPVEIPIAGLNQTQIHPRAGLTFQGVLRALLRQDPDVIMIGEIRDGETAEIAIKAAQTGHLVLSTLHTNSTCETLVRLQQMGVARWMLSSALTLVIAQRLVRKLCPHCRRQQGEPIHIPDNVWPSPLPHWQAPGCVHCYHGFYGRTALFEVLPITPVIRQLISANTDVESLETHARQAGMRTLFENGCLAVEQGLTTFEELIRVLGMP,380
18,P36645_77_458_5zfr,B,KHQPKAELLTRTLQSALEQRASDIHIEPADNAYRIRLRIDGVLHPLPDVSPDAGVALTARLKVLGNLDIAEHRLPQDGQFTVELAGNAVSFRIATLPCRGGEKVVLRLLQQVGQALDVNTLGMQPLQLADFAHALQQPQGLVLVTGPTGSGKTVTLYSALQKLNTADINICSVEDPVEIPIAGLNQTQIHPRAGLTFQGVLRALLRQDPDVIMIGEIRDGETAEIAIKAAQTGHLVLSTLHTNSTCETLVRLQQMGVARWMLSSALTLVIAQRLVRKLCPHCRRQQGEPIHIPDNVWPSPLPHWQAPGCVHCYHGFYGRTALFEVLPITPVIRQLISANTDVESLETHARQAGMRTLFENGCLAVEQGLTTFEELIRVLGMP,382
19,P36645_77_458_5zfr,C,HQPKAELLTRTLQSALEQRASDIHIEPADNAYRIRLRIDGVLHPLPDVSPDAGVALTARLKVLGNLDIAEHRLPQDGQFTVELAGNAVSFRIATLPCRGGEKVVLRLLQQVGQALDVNTLGMQPLQLADFAHALQQPQGLVLVTGPTGSGKTVTLYSALQKLNTADINICSVEDPVEIPIAGLNQTQIHPRAGLTFQGVLRALLRQDPDVIMIGEIRDGETAEIAIKAAQTGHLVLSTLHTNSTCETLVRLQQMGVARWMLSSALTLVIAQRLVRKLCPHCRRQQGEPIHIPDNVWPSPLPHWQAPGCVHCYHGFYGRTALFEVLPITPVIRQLISANTDVESLETHARQAGMRTLFENGCLAVEQGLTTFEELIRVLGMP,381
20,P36645_77_458_5zfr,D,QPKAELLTRTLQSALEQRASDIHIEPADNAYRIRLRIDGVLHPLPDVSPDAGVALTARLKVLGNLDIAEHRLPQDGQFTVELAGNAVSFRIATLPCRGGEKVVLRLLQQVGQALDVNTLGMQPLQLADFAHALQQPQGLVLVTGPTGSGKTVTLYSALQKLNTADINICSVEDPVEIPIAGLNQTQIHPRAGLTFQGVLRALLRQDPDVIMIGEIRDGETAEIAIKAAQTGHLVLSTLHTNSTCETLVRLQQMGVARWMLSSALTLVIAQRLVRKLCPHCRRQQGEPIHIPDNVWPSPLPHWQAPGCVHCYHGFYGRTALFEVLPITPVIRQLISANTDVESLETHARQAGMRTLFENGCLAVEQGLTTFEELIRVLGMP,380
21,P36645_77_458_5zfr,E,KHQPKAELLTRTLQSALEQRASDIHIEPADNAYRIRLRIDGVLHPLPDVSPDAGVALTARLKVLGNLDIAEHRLPQDGQFTVELAGNAVSFRIATLPCRGGEKVVLRLLQQVGQALDVNTLGMQPLQLADFAHALQQPQGLVLVTGPTGSGKTVTLYSALQKLNTADINICSVEDPVEIPIAGLNQTQIHPRAGLTFQGVLRALLRQDPDVIMIGEIRDGETAEIAIKAAQTGHLVLSTLHTNSTCETLVRLQQMGVARWMLSSALTLVIAQRLVRKLCPHCRRQQGEPIHIPDNVWPSPLPHWQAPGCVHCYHGFYGRTALFEVLPITPVIRQLISANTDVESLETHARQAGMRTLFENGCLAVEQGLTTFEELIRVLGMP,382
22,P36645_77_458_5zfr,F,HQPKAELLTRTLQSALEQRASDIHIEPADNAYRIRLRIDGVLHPLPDVSPDAGVALTARLKVLGNLDIAEHRLPQDGQFTVELAGNAVSFRIATLPCRGGEKVVLRLLQQVGQALDVNTLGMQPLQLADFAHALQQPQGLVLVTGPTGSGKTVTLYSALQKLNTADINICSVEDPVEIPIAGLNQTQIHPRAGLTFQGVLRALLRQDPDVIMIGEIRDGETAEIAIKAAQTGHLVLSTLHTNSTCETLVRLQQMGVARWMLSSALTLVIAQRLVRKLCPHCRRQQGEPIHIPDNVWPSPLPHWQAPGCVHCYHGFYGRTALFEVLPITPVIRQLISANTDVESLETHARQAGMRTLFENGCLAVEQGLTTFEELIRVLGMP,381
23,P36645_77_458_5zfr,_,,0
24,P0A968_1_66_3cam,A,MEKGTVKWFNNAKGFGFICPEGGGEDIFAHYSTIQMDGYRTLKAGQSVQFDVHQGPKGNHASVIVP,66
25,P0A968_1_66_3cam,B,MEKGTVKWFNNAKGFGFICPEGGGEDIFAHYSTIQMDGYRTLKAGQSVQFDVHQGPKGNHASVIVP,66
26,P0A6A3_1_400_3slc,A,MSSKLVLVLNCGSSSLKFAIIDAVNGEEYLSGLAECFHLPEARIKWKMDGNKQEAALGAGAAHSEALNFIVNTILAQKPELSAQLTAIGHRIVHGGEKYTSSVVIDESVIQGIKDAASFAPLHNPAHLIGIEEALKSFPQLKDKNVAVFDTAFHQTMPEESYLYALPYNLYKEHGIRRYGAHGTSHFYVTQEAAKMLNKPVEELNIITCHLGNGGSVSAIRNGKCVDTSMGLTPLEGLVMGTRSGDIDPAIIFHLHDTLGMSVDAINKLLTKESGLLGLTEVTSDCRYVEDNYATKEDAKRAMDVYCHRLAKYIGAYTALMDGRLDAVVFTGGIGENAAMVRELSLGKLGVLGFEVDHERNLAARFGKSGFINKEGTRPAVVIPTNEELVIAQDASRLTA,400
27,P0A6A3_1_400_3slc,B,SKLVLVLNCGSSSLKFAIIDAVNGEEYLSGLAECFHLPEARIKWKMDGNKQEAALGAGAAHSEALNFIVNTILAQKPELSAQLTAIGHRIVHGGEKYTSSVVIDESVIQGIKDAASFAPLHNPAHLIGIEEALKSFPQLKDKNVAVFDTAFHQTMPEESYLYALPYNLYKEHGIRRYGAHGTSHFYVTQEAAKMLNKPVEELNIITCHLGNGGSVSAIRNGKCVDTSMGLTPLEGLVMGTRSGDIDPAIIFHLHDTLGMSVDAINKLLTKESGLLGLTEVTSDCRYVEDNYATKEDAKRAMDVYCHRLAKYIGAYTALMDGRLDAVVFTGGIGENAAMVRELSLGKLGVLGFEVDHERNLAARFGKSGFINKEGTRPAVVIPTNEELVIAQDASRLTA,398
28,4ocg-assembly2,A,MKKILIIGGVAGGASAAARARRLSETAEIIMFERGEYVSFANCGLPYHISGEIAQRSALVLQTPESFKARFNVEVRVKHEVVAIDRAAKLVTVRRLLDGSEYQESYDTLLLSPGAAPIVPPIPGVDNPLTHSLRNIPDMDRILQTIQMNNVEHATVVGGGAIGLEMMESLHHLGIKTTLLELADQVMTPVDREMAGFAHQAIRDQGVDLRLGTALSEVSYQVQTHVASDAAGEDTAHQHIKGHLSLTLSNGELLETDLLIMAIGVRPETQLARDAGLAIGELGGIKVNAMMQTSDPAIYAVGDAVEEQDFVTGQACLVPLAGPANRQGRMAADNMFGREERYQGTQGTAICKVFDLAVGATGKNEKQLKQAGIAFEKVYVHTASHASYYPGAEVVSFKLLFDPVKGTIFGAQAVGKDGIDKRIDVMAVAQRAGMTVEQLQHLELSYAPPYGSAKDVINQAAFVASNIIKGDATPIHFDQIDNLSEDQLLLDVRNPGELQNGGLEGAVNIPVDELRDRMHELPKDKEIIIFCQVGLRGNVAYRQLVNNGYRARNLIGGYRTYKFAS,565
29,4ocg-assembly2,B,MKKILIIGGVAGGASAAARARRLSETAEIIMFERGEYVSFANCGLPYHISGEIAQRSALVLQTPESFKARFNVEVRVKHEVVAIDRAAKLVTVRRLLDGSEYQESYDTLLLSPGAAPIVPPIPGVDNPLTHSLRNIPDMDRILQTIQMNNVEHATVVGGGAIGLEMMESLHHLGIKTTLLELADQVMTPVDREMAGFAHQAIRDQGVDLRLGTALSEVSYQVQTHVASDAAGEDTAHQHIKGHLSLTLSNGELLETDLLIMAIGVRPETQLARDAGLAIGELGGIKVNAMMQTSDPAIYAVGDAVEEQDFVTGQACLVPLAGPANRQGRMAADNMFGREERYQGTQGTAICKVFDLAVGATGKNEKQLKQAGIAFEKVYVHTASHASYYPGAEVVSFKLLFDPVKGTIFGAQAVGKDGIDKRIDVMAVAQRAGMTVEQLQHLELSYAPPYGSAKDVINQAAFVASNIIKGDATPIHFDQIDNLSEDQLLLDVRNPGELQNGGLEGAVNIPVDELRDRMHELPKDKEIIIFCQVGLRGNVAYRQLVNNGYRARNLIGGYRTYKFAS,565
30,4ocg-assembly2,A-2,MKKILIIGGVAGGASAAARARRLSETAEIIMFERGEYVSFANCGLPYHISGEIAQRSALVLQTPESFKARFNVEVRVKHEVVAIDRAAKLVTVRRLLDGSEYQESYDTLLLSPGAAPIVPPIPGVDNPLTHSLRNIPDMDRILQTIQMNNVEHATVVGGGAIGLEMMESLHHLGIKTTLLELADQVMTPVDREMAGFAHQAIRDQGVDLRLGTALSEVSYQVQTHVASDAAGEDTAHQHIKGHLSLTLSNGELLETDLLIMAIGVRPETQLARDAGLAIGELGGIKVNAMMQTSDPAIYAVGDAVEEQDFVTGQACLVPLAGPANRQGRMAADNMFGREERYQGTQGTAICKVFDLAVGATGKNEKQLKQAGIAFEKVYVHTASHASYYPGAEVVSFKLLFDPVKGTIFGAQAVGKDGIDKRIDVMAVAQRAGMTVEQLQHLELSYAPPYGSAKDVINQAAFVASNIIKGDATPIHFDQIDNLSEDQLLLDVRNPGELQNGGLEGAVNIPVDELRDRMHELPKDKEIIIFCQVGLRGNVAYRQLVNNGYRARNLIGGYRTYKFAS,565
31,4ocg-assembly2,B-2,MKKILIIGGVAGGASAAARARRLSETAEIIMFERGEYVSFANCGLPYHISGEIAQRSALVLQTPESFKARFNVEVRVKHEVVAIDRAAKLVTVRRLLDGSEYQESYDTLLLSPGAAPIVPPIPGVDNPLTHSLRNIPDMDRILQTIQMNNVEHATVVGGGAIGLEMMESLHHLGIKTTLLELADQVMTPVDREMAGFAHQAIRDQGVDLRLGTALSEVSYQVQTHVASDAAGEDTAHQHIKGHLSLTLSNGELLETDLLIMAIGVRPETQLARDAGLAIGELGGIKVNAMMQTSDPAIYAVGDAVEEQDFVTGQACLVPLAGPANRQGRMAADNMFGREERYQGTQGTAICKVFDLAVGATGKNEKQLKQAGIAFEKVYVHTASHASYYPGAEVVSFKLLFDPVKGTIFGAQAVGKDGIDKRIDVMAVAQRAGMTVEQLQHLELSYAPPYGSAKDVINQAAFVASNIIKGDATPIHFDQIDNLSEDQLLLDVRNPGELQNGGLEGAVNIPVDELRDRMHELPKDKEIIIFCQVGLRGNVAYRQLVNNGYRARNLIGGYRTYKFAS,565
32,4ocg-assembly2,A-3,MKKILIIGGVAGGASAAARARRLSETAEIIMFERGEYVSFANCGLPYHISGEIAQRSALVLQTPESFKARFNVEVRVKHEVVAIDRAAKLVTVRRLLDGSEYQESYDTLLLSPGAAPIVPPIPGVDNPLTHSLRNIPDMDRILQTIQMNNVEHATVVGGGAIGLEMMESLHHLGIKTTLLELADQVMTPVDREMAGFAHQAIRDQGVDLRLGTALSEVSYQVQTHVASDAAGEDTAHQHIKGHLSLTLSNGELLETDLLIMAIGVRPETQLARDAGLAIGELGGIKVNAMMQTSDPAIYAVGDAVEEQDFVTGQACLVPLAGPANRQGRMAADNMFGREERYQGTQGTAICKVFDLAVGATGKNEKQLKQAGIAFEKVYVHTASHASYYPGAEVVSFKLLFDPVKGTIFGAQAVGKDGIDKRIDVMAVAQRAGMTVEQLQHLELSYAPPYGSAKDVINQAAFVASNIIKGDATPIHFDQIDNLSEDQLLLDVRNPGELQNGGLEGAVNIPVDELRDRMHELPKDKEIIIFCQVGLRGNVAYRQLVNNGYRARNLIGGYRTYKFAS,565
33,4ocg-assembly2,B-3,MKKILIIGGVAGGASAAARARRLSETAEIIMFERGEYVSFANCGLPYHISGEIAQRSALVLQTPESFKARFNVEVRVKHEVVAIDRAAKLVTVRRLLDGSEYQESYDTLLLSPGAAPIVPPIPGVDNPLTHSLRNIPDMDRILQTIQMNNVEHATVVGGGAIGLEMMESLHHLGIKTTLLELADQVMTPVDREMAGFAHQAIRDQGVDLRLGTALSEVSYQVQTHVASDAAGEDTAHQHIKGHLSLTLSNGELLETDLLIMAIGVRPETQLARDAGLAIGELGGIKVNAMMQTSDPAIYAVGDAVEEQDFVTGQACLVPLAGPANRQGRMAADNMFGREERYQGTQGTAICKVFDLAVGATGKNEKQLKQAGIAFEKVYVHTASHASYYPGAEVVSFKLLFDPVKGTIFGAQAVGKDGIDKRIDVMAVAQRAGMTVEQLQHLELSYAPPYGSAKDVINQAAFVASNIIKGDATPIHFDQIDNLSEDQLLLDVRNPGELQNGGLEGAVNIPVDELRDRMHELPKDKEIIIFCQVGLRGNVAYRQLVNNGYRARNLIGGYRTYKFAS,565
34,P27306_4_465_5u8v,A,YDYDAIVIGSGPGGEGAAMGLVKQGARVAVIERYQNVGGGCTHWGTIPSKALRHAVSRIIEFNQNPLYSDHSRLLRSSFADILNHADNVINQQTRMRQGFYERNHCEILQGNARFVDEHTLALDCPDGSVETLTAEKFVIACGSRPYHPTDVDFTHPRIYDSDSILSMHHEPRHVLIYGAGVIGCEYASIFRGMDVKVDLINTRDRLLAFLDQEMSDSLSYHFWNSGVVIRHNEEYEKIEGCDDGVIMHLKSGKKLKADCLLYANGRTGNTDSLALQNIGLETDSRGQLKVNSMYQTAQPHVYAVGDVIGYPSLASAAYDQGRIAAQALVKGEATAHLIEDIPTGIYTIPEISSVGKTEQQLTAMKVPYEVGRAQFKHLARAQIVGMNVGTLKILFHRETKEILGIHCFGERAAEIIHIGQAIMEQKGGGNTIEYFVNTTFNYPTMAEAYRVAALNGLNRL,461
35,P27306_4_465_5u8v,B,SYDYDAIVIGSGPGGEGAAMGLVKQGARVAVIERYQNVGGGCTHWGTIPSKALRHAVSRIIEFNQNPLYSDHSRLLRSSFADILNHADNVINQQTRMRQGFYERNHCEILQGNARFVDEHTLALDCPDGSVETLTAEKFVIACGSRPYHPTDVDFTHPRIYDSDSILSMHHEPRHVLIYGAGVIGCEYASIFRGMDVKVDLINTRDRLLAFLDQEMSDSLSYHFWNSGVVIRHNEEYEKIEGCDDGVIMHLKSGKKLKADCLLYANGRTGNTDSLALQNIGLETDSRGQLKVNSMYQTAQPHVYAVGDVIGYPSLASAAYDQGRIAAQALVKGEATAHLIEDIPTGIYTIPEISSVGKTEQQLTAMKVPYEVGRAQFKHLARAQIVGMNVGTLKILFHRETKEILGIHCFGERAAEIIHIGQAIMEQKGGGNTIEYFVNTTFNYPTMAEAYRVAALNGLNRL,462
36,P41409_2_311_3g5i,A,ALPILLDCDPGHDDAIAIVLALASPELDVKAITSSAGNQTPEKTLRNVLRMLTLLNRTDIPVAGGAVKPLMRELIIADNVHGESGLDGPALPEPTFAPQNCTAVELMAKTLRESAEPVTIVSTGPQTNVALLLNSHPELHSKIARIVIMGGAMGLGNWTPAAEFNIYVDPEAAEIVFQSGIPVVMAGLDVTHKAQIHVEDTERFRAIGNPVSTIVAELLDFFLEYHKDEKWGFVGAPLHDPCTIAWLLKPELFTSVERWVGVETQGKYTQGMTVVDYYYLTGNKPNATVMVDVDRQGFVDLLADRLKFYA,310
37,P41409_2_311_3g5i,B,ALPILLDCDPGHDDAIAIVLALASPELDVKAITSSAGNQTPEKTLRNVLRMLTLLNRTDIPVAGGAVKPLMRELIIADNVHGESGLDGPALPEPTFAPQNCTAVELMAKTLRESAEPVTIVSTGPQTNVALLLNSHPELHSKIARIVIMGGAMGLGNWTPAAEFNIYVDPEAAEIVFQSGIPVVMAGLDVTHKAQIHVEDTERFRAIGNPVSTIVAELLDFFLEYHKDEKWGFVGAPLHDPCTIAWLLKPELFTSVERWVGVETQGKYTQGMTVVDYYYLTGNKPNATVMVDVDRQGFVDLLADRLKFYA,310
38,P41409_2_311_3g5i,C,ALPILLDCDPGHDDAIAIVLALASPELDVKAITSSAGNQTPEKTLRNVLRMLTLLNRTDIPVAGGAVKPLMRELIIADNVHGESGLDGPALPEPTFAPQNCTAVELMAKTLRESAEPVTIVSTGPQTNVALLLNSHPELHSKIARIVIMGGAMGLGNWTPAAEFNIYVDPEAAEIVFQSGIPVVMAGLDVTHKAQIHVEDTERFRAIGNPVSTIVAELLDFFLEYHKDEKWGFVGAPLHDPCTIAWLLKPELFTSVERWVGVETQGKYTQGMTVVDYYYLTGNKPNATVMVDVDRQGFVDLLADRLKFYA,310
39,P41409_2_311_3g5i,D,ALPILLDCDPGHDDAIAIVLALASPELDVKAITSSAGNQTPEKTLRNVLRMLTLLNRTDIPVAGGAVKPLMRELIIADNVHGESGLDGPALPEPTFAPQNCTAVELMAKTLRESAEPVTIVSTGPQTNVALLLNSHPELHSKIARIVIMGGAMGLGNWTPAAEFNIYVDPEAAEIVFQSGIPVVMAGLDVTHKAQIHVEDTERFRAIGNPVSTIVAELLDFFLEYHKDEKWGFVGAPLHDPCTIAWLLKPELFTSVERWVGVETQGKYTQGMTVVDYYYLTGNKPNATVMVDVDRQGFVDLLADRLKFYA,310
40,P41409_2_311_3g5i,_,,0
41,AF-P77599-F1-model_v2,A,MSDLLCSAKLGAMTLALLLSATSLSALASVTPDRTRLIFNESDKSISVTLRNNDPKLPYLAQSWIEDEKGNKITSPLTVLPPVQRIDSMMNGQVKVQGMPDINKLPADRESMFYFNVREIPPKSNKPNTLQIALQTRIKLFWRPKALEKVSMKSPWQHKVTLTRSGQAFTVNNPTPYYVIISNASAQKNGNPAAGFSPLVIEPKTTVPLNVKMDSVPVLTYVNDFGARMPLFFQCNGNSCQVDEEQSRKG,250
42,P75783_61_726_7uw5,A,SRKELIDQLRTVAATPPAEPVPKIVPPTLVEEQTVLQKVTEVSRHYGEALSARFGQLYRNITGSPHKPFNPQTFSNALTHFSMLAVLVFGFYWLIRLCALPLYRKMGQWARQKNRERSNWLQLPAMIIGAFIIDLLLLALTLFVGQVLSDNLNAGSRTIAFQQSLFLNAFALIEFFKAVLRLIFCPNVAELRPFTIQDESARYWSRRLSWLSSLIGYGLIVAVPIISNQVNVQIGALANVIIMLCMTVWALYLIFRNKKEITQHLLNFAEHSLAFFSLFIRAFALVWHWLASAYFIVLFFFSLFDPGNSLKFMMGATVRSLAIIGIAAFVSGMFSRWLAKTITLSPHTQRNYPELQKRLNGWLSAALKTARILTVCVAVMLLLSAWGLFDFWNWLQNGAGQKTVDILIRIALILFFSAVGWTVLASLIENRLASDIHGRPLPSARTRTLLTLFRNALAVIISTITIMIVLSEIGVNIAPLLAGAGALGLAISFGSQTLVKDIITGVFIQFENGMNTGDLVTIGPLTGTVERMSIRSVGVRQDTGAYHIIPWSSITTFANFVRGIGSVVANYDVDRHEDADKANQALKDAVAELMENEEIRGLIIGEPNFAGIVGLSNTAFTLRVSFTTLPLKQWTVRFALDSQVKKHFDLAGVRAPVQTYQVLPAP,666
43,P75783_61_726_7uw5,B,SRKELIDQLRTVAATPPAEPVPKIVPPTLVEEQTVLQKVTEVSRHYGEALSARFGQLYRNITGSPHKPFNPQTFSNALTHFSMLAVLVFGFYWLIRLCALPLYRKMGQWARQKNRERSNWLQLPAMIIGAFIIDLLLLALTLFVGQVLSDNLNAGSRTIAFQQSLFLNAFALIEFFKAVLRLIFCPNVAELRPFTIQDESARYWSRRLSWLSSLIGYGLIVAVPIISNQVNVQIGALANVIIMLCMTVWALYLIFRNKKEITQHLLNFAEHSLAFFSLFIRAFALVWHWLASAYFIVLFFFSLFDPGNSLKFMMGATVRSLAIIGIAAFVSGMFSRWLAKTITLSPHTQRNYPELQKRLNGWLSAALKTARILTVCVAVMLLLSAWGLFDFWNWLQNGAGQKTVDILIRIALILFFSAVGWTVLASLIENRLASDIHGRPLPSARTRTLLTLFRNALAVIISTITIMIVLSEIGVNIAPLLAGAGALGLAISFGSQTLVKDIITGVFIQFENGMNTGDLVTIGPLTGTVERMSIRSVGVRQDTGAYHIIPWSSITTFANFVRGIGSVVANYDVDRHEDADKANQALKDAVAELMENEEIRGLIIGEPNFAGIVGLSNTAFTLRVSFTTLPLKQWTVRFALDSQVKKHFDLAGVRAPVQTYQVLPAP,666
44,P75783_61_726_7uw5,C,SRKELIDQLRTVAATPPAEPVPKIVPPTLVEEQTVLQKVTEVSRHYGEALSARFGQLYRNITGSPHKPFNPQTFSNALTHFSMLAVLVFGFYWLIRLCALPLYRKMGQWARQKNRERSNWLQLPAMIIGAFIIDLLLLALTLFVGQVLSDNLNAGSRTIAFQQSLFLNAFALIEFFKAVLRLIFCPNVAELRPFTIQDESARYWSRRLSWLSSLIGYGLIVAVPIISNQVNVQIGALANVIIMLCMTVWALYLIFRNKKEITQHLLNFAEHSLAFFSLFIRAFALVWHWLASAYFIVLFFFSLFDPGNSLKFMMGATVRSLAIIGIAAFVSGMFSRWLAKTITLSPHTQRNYPELQKRLNGWLSAALKTARILTVCVAVMLLLSAWGLFDFWNWLQNGAGQKTVDILIRIALILFFSAVGWTVLASLIENRLASDIHGRPLPSARTRTLLTLFRNALAVIISTITIMIVLSEIGVNIAPLLAGAGALGLAISFGSQTLVKDIITGVFIQFENGMNTGDLVTIGPLTGTVERMSIRSVGVRQDTGAYHIIPWSSITTFANFVRGIGSVVANYDVDRHEDADKANQALKDAVAELMENEEIRGLIIGEPNFAGIVGLSNTAFTLRVSFTTLPLKQWTVRFALDSQVKKHFDLAGVRAPVQTYQVLPAP,666
45,P75783_61_726_7uw5,D,SRKELIDQLRTVAATPPAEPVPKIVPPTLVEEQTVLQKVTEVSRHYGEALSARFGQLYRNITGSPHKPFNPQTFSNALTHFSMLAVLVFGFYWLIRLCALPLYRKMGQWARQKNRERSNWLQLPAMIIGAFIIDLLLLALTLFVGQVLSDNLNAGSRTIAFQQSLFLNAFALIEFFKAVLRLIFCPNVAELRPFTIQDESARYWSRRLSWLSSLIGYGLIVAVPIISNQVNVQIGALANVIIMLCMTVWALYLIFRNKKEITQHLLNFAEHSLAFFSLFIRAFALVWHWLASAYFIVLFFFSLFDPGNSLKFMMGATVRSLAIIGIAAFVSGMFSRWLAKTITLSPHTQRNYPELQKRLNGWLSAALKTARILTVCVAVMLLLSAWGLFDFWNWLQNGAGQKTVDILIRIALILFFSAVGWTVLASLIENRLASDIHGRPLPSARTRTLLTLFRNALAVIISTITIMIVLSEIGVNIAPLLAGAGALGLAISFGSQTLVKDIITGVFIQFENGMNTGDLVTIGPLTGTVERMSIRSVGVRQDTGAYHIIPWSSITTFANFVRGIGSVVANYDVDRHEDADKANQALKDAVAELMENEEIRGLIIGEPNFAGIVGLSNTAFTLRVSFTTLPLKQWTVRFALDSQVKKHFDLAGVRAPVQTYQVLPAP,666
46,P75783_61_726_7uw5,E,SRKELIDQLRTVAATPPAEPVPKIVPPTLVEEQTVLQKVTEVSRHYGEALSARFGQLYRNITGSPHKPFNPQTFSNALTHFSMLAVLVFGFYWLIRLCALPLYRKMGQWARQKNRERSNWLQLPAMIIGAFIIDLLLLALTLFVGQVLSDNLNAGSRTIAFQQSLFLNAFALIEFFKAVLRLIFCPNVAELRPFTIQDESARYWSRRLSWLSSLIGYGLIVAVPIISNQVNVQIGALANVIIMLCMTVWALYLIFRNKKEITQHLLNFAEHSLAFFSLFIRAFALVWHWLASAYFIVLFFFSLFDPGNSLKFMMGATVRSLAIIGIAAFVSGMFSRWLAKTITLSPHTQRNYPELQKRLNGWLSAALKTARILTVCVAVMLLLSAWGLFDFWNWLQNGAGQKTVDILIRIALILFFSAVGWTVLASLIENRLASDIHGRPLPSARTRTLLTLFRNALAVIISTITIMIVLSEIGVNIAPLLAGAGALGLAISFGSQTLVKDIITGVFIQFENGMNTGDLVTIGPLTGTVERMSIRSVGVRQDTGAYHIIPWSSITTFANFVRGIGSVVANYDVDRHEDADKANQALKDAVAELMENEEIRGLIIGEPNFAGIVGLSNTAFTLRVSFTTLPLKQWTVRFALDSQVKKHFDLAGVRAPVQTYQVLPAP,666
47,P75783_61_726_7uw5,F,SRKELIDQLRTVAATPPAEPVPKIVPPTLVEEQTVLQKVTEVSRHYGEALSARFGQLYRNITGSPHKPFNPQTFSNALTHFSMLAVLVFGFYWLIRLCALPLYRKMGQWARQKNRERSNWLQLPAMIIGAFIIDLLLLALTLFVGQVLSDNLNAGSRTIAFQQSLFLNAFALIEFFKAVLRLIFCPNVAELRPFTIQDESARYWSRRLSWLSSLIGYGLIVAVPIISNQVNVQIGALANVIIMLCMTVWALYLIFRNKKEITQHLLNFAEHSLAFFSLFIRAFALVWHWLASAYFIVLFFFSLFDPGNSLKFMMGATVRSLAIIGIAAFVSGMFSRWLAKTITLSPHTQRNYPELQKRLNGWLSAALKTARILTVCVAVMLLLSAWGLFDFWNWLQNGAGQKTVDILIRIALILFFSAVGWTVLASLIENRLASDIHGRPLPSARTRTLLTLFRNALAVIISTITIMIVLSEIGVNIAPLLAGAGALGLAISFGSQTLVKDIITGVFIQFENGMNTGDLVTIGPLTGTVERMSIRSVGVRQDTGAYHIIPWSSITTFANFVRGIGSVVANYDVDRHEDADKANQALKDAVAELMENEEIRGLIIGEPNFAGIVGLSNTAFTLRVSFTTLPLKQWTVRFALDSQVKKHFDLAGVRAPVQTYQVLPAP,666
48,P75783_61_726_7uw5,G,SRKELIDQLRTVAATPPAEPVPKIVPPTLVEEQTVLQKVTEVSRHYGEALSARFGQLYRNITGSPHKPFNPQTFSNALTHFSMLAVLVFGFYWLIRLCALPLYRKMGQWARQKNRERSNWLQLPAMIIGAFIIDLLLLALTLFVGQVLSDNLNAGSRTIAFQQSLFLNAFALIEFFKAVLRLIFCPNVAELRPFTIQDESARYWSRRLSWLSSLIGYGLIVAVPIISNQVNVQIGALANVIIMLCMTVWALYLIFRNKKEITQHLLNFAEHSLAFFSLFIRAFALVWHWLASAYFIVLFFFSLFDPGNSLKFMMGATVRSLAIIGIAAFVSGMFSRWLAKTITLSPHTQRNYPELQKRLNGWLSAALKTARILTVCVAVMLLLSAWGLFDFWNWLQNGAGQKTVDILIRIALILFFSAVGWTVLASLIENRLASDIHGRPLPSARTRTLLTLFRNALAVIISTITIMIVLSEIGVNIAPLLAGAGALGLAISFGSQTLVKDIITGVFIQFENGMNTGDLVTIGPLTGTVERMSIRSVGVRQDTGAYHIIPWSSITTFANFVRGIGSVVANYDVDRHEDADKANQALKDAVAELMENEEIRGLIIGEPNFAGIVGLSNTAFTLRVSFTTLPLKQWTVRFALDSQVKKHFDLAGVRAPVQTYQVLPAP,666
49,b3241_6__AlphaMulti,A,MKTLIRKFSRTAITVVLVILAFIAIFNAWVYYTESPWTRDARFSADVVAIAPDVSGLITQVNVHDNQLVKKGQILFTIDQPRYQKALEEAQADVAYYQVLAQEKRQEAGRRNRLGVQAMSREEIDQANNVLQTVLHQLAKAQATRDLAKLDLERTVIRAPADGWVTNLNVYTGEFITRGSTAVALVKQNSFYVLAYMEETKLEGVRPGYRAEITPLGSNKVLKGTVDSVAAGVTNASSTRDDKGMATIDSNLEWVRLAQRVPVRIRLDNQQENIWPAGTTATVVVTGKQDRDESQDSFFRKMAHRLREFG,310
50,b3241_6__AlphaMulti,B,MKTLIRKFSRTAITVVLVILAFIAIFNAWVYYTESPWTRDARFSADVVAIAPDVSGLITQVNVHDNQLVKKGQILFTIDQPRYQKALEEAQADVAYYQVLAQEKRQEAGRRNRLGVQAMSREEIDQANNVLQTVLHQLAKAQATRDLAKLDLERTVIRAPADGWVTNLNVYTGEFITRGSTAVALVKQNSFYVLAYMEETKLEGVRPGYRAEITPLGSNKVLKGTVDSVAAGVTNASSTRDDKGMATIDSNLEWVRLAQRVPVRIRLDNQQENIWPAGTTATVVVTGKQDRDESQDSFFRKMAHRLREFG,310
51,b3241_6__AlphaMulti,C,MKTLIRKFSRTAITVVLVILAFIAIFNAWVYYTESPWTRDARFSADVVAIAPDVSGLITQVNVHDNQLVKKGQILFTIDQPRYQKALEEAQADVAYYQVLAQEKRQEAGRRNRLGVQAMSREEIDQANNVLQTVLHQLAKAQATRDLAKLDLERTVIRAPADGWVTNLNVYTGEFITRGSTAVALVKQNSFYVLAYMEETKLEGVRPGYRAEITPLGSNKVLKGTVDSVAAGVTNASSTRDDKGMATIDSNLEWVRLAQRVPVRIRLDNQQENIWPAGTTATVVVTGKQDRDESQDSFFRKMAHRLREFG,310
52,b3241_6__AlphaMulti,D,MKTLIRKFSRTAITVVLVILAFIAIFNAWVYYTESPWTRDARFSADVVAIAPDVSGLITQVNVHDNQLVKKGQILFTIDQPRYQKALEEAQADVAYYQVLAQEKRQEAGRRNRLGVQAMSREEIDQANNVLQTVLHQLAKAQATRDLAKLDLERTVIRAPADGWVTNLNVYTGEFITRGSTAVALVKQNSFYVLAYMEETKLEGVRPGYRAEITPLGSNKVLKGTVDSVAAGVTNASSTRDDKGMATIDSNLEWVRLAQRVPVRIRLDNQQENIWPAGTTATVVVTGKQDRDESQDSFFRKMAHRLREFG,310
53,b3241_6__AlphaMulti,E,MKTLIRKFSRTAITVVLVILAFIAIFNAWVYYTESPWTRDARFSADVVAIAPDVSGLITQVNVHDNQLVKKGQILFTIDQPRYQKALEEAQADVAYYQVLAQEKRQEAGRRNRLGVQAMSREEIDQANNVLQTVLHQLAKAQATRDLAKLDLERTVIRAPADGWVTNLNVYTGEFITRGSTAVALVKQNSFYVLAYMEETKLEGVRPGYRAEITPLGSNKVLKGTVDSVAAGVTNASSTRDDKGMATIDSNLEWVRLAQRVPVRIRLDNQQENIWPAGTTATVVVTGKQDRDESQDSFFRKMAHRLREFG,310
54,b3241_6__AlphaMulti,F,MKTLIRKFSRTAITVVLVILAFIAIFNAWVYYTESPWTRDARFSADVVAIAPDVSGLITQVNVHDNQLVKKGQILFTIDQPRYQKALEEAQADVAYYQVLAQEKRQEAGRRNRLGVQAMSREEIDQANNVLQTVLHQLAKAQATRDLAKLDLERTVIRAPADGWVTNLNVYTGEFITRGSTAVALVKQNSFYVLAYMEETKLEGVRPGYRAEITPLGSNKVLKGTVDSVAAGVTNASSTRDDKGMATIDSNLEWVRLAQRVPVRIRLDNQQENIWPAGTTATVVVTGKQDRDESQDSFFRKMAHRLREFG,310
55,b3240_3__AlphaMulti,A,MGIFSIANQHIRFAVKLATAIVLALFVGFHFQLETPRWAVLTAAIVAAGTAFAAGGEPYSGAIRYRGFLRIIGTFIGCIAGLVIIIAMIRAPLLMILVCCIWAGFCTWISSLVRIENSYAWGLAGYTALIIVITIQPEPLLTPQFAVERCSEIVIGIVCAIMADLLFSPRSIKQEVDRELESLLVAQYQLMQLCIKHGDGEVVDKAWGDLVRRTTALQGMRSNLNMESSRWARANRRLKAINTLSLTLITQSCETYLIQNTRPELITDTFREFFDTPVETAQDVHKQLKRLRRVIAWTGERETPVTIYSWVAAATRYQLLKRGVISNTKINATEEEILQGEPEVKVESAERHHAMVNFWRTTLSCILGTLFWLWTGWTSGSGAMVMIAVVTSLAMRLPNPRMVAIDFIYGTLAALPLGLLYFLVIIPNTQQSMLLLCISLAVLGFFLGIEVQKRRLGSMGALASTINIIVLDNPMTFHFSQFLDSALGQIVGCVLAFTVILLVRDKSRDRTGRVLLNQFVSAAVSAMTTNVARRKENHLPALYQQLFLLMNKFPGDLPKFRLALTMIIAHQRLRDAPIPVNEDLSAFHRQMRRTADHVISARSDDKRRRYFGQLLEELEIYQEKLRIWQAPPQVTEPVNRLAGMLHKYQHALTDS,655
56,b3240_3__AlphaMulti,B,MGIFSIANQHIRFAVKLATAIVLALFVGFHFQLETPRWAVLTAAIVAAGTAFAAGGEPYSGAIRYRGFLRIIGTFIGCIAGLVIIIAMIRAPLLMILVCCIWAGFCTWISSLVRIENSYAWGLAGYTALIIVITIQPEPLLTPQFAVERCSEIVIGIVCAIMADLLFSPRSIKQEVDRELESLLVAQYQLMQLCIKHGDGEVVDKAWGDLVRRTTALQGMRSNLNMESSRWARANRRLKAINTLSLTLITQSCETYLIQNTRPELITDTFREFFDTPVETAQDVHKQLKRLRRVIAWTGERETPVTIYSWVAAATRYQLLKRGVISNTKINATEEEILQGEPEVKVESAERHHAMVNFWRTTLSCILGTLFWLWTGWTSGSGAMVMIAVVTSLAMRLPNPRMVAIDFIYGTLAALPLGLLYFLVIIPNTQQSMLLLCISLAVLGFFLGIEVQKRRLGSMGALASTINIIVLDNPMTFHFSQFLDSALGQIVGCVLAFTVILLVRDKSRDRTGRVLLNQFVSAAVSAMTTNVARRKENHLPALYQQLFLLMNKFPGDLPKFRLALTMIIAHQRLRDAPIPVNEDLSAFHRQMRRTADHVISARSDDKRRRYFGQLLEELEIYQEKLRIWQAPPQVTEPVNRLAGMLHKYQHALTDS,655
57,b3240_3__AlphaMulti,C,MGIFSIANQHIRFAVKLATAIVLALFVGFHFQLETPRWAVLTAAIVAAGTAFAAGGEPYSGAIRYRGFLRIIGTFIGCIAGLVIIIAMIRAPLLMILVCCIWAGFCTWISSLVRIENSYAWGLAGYTALIIVITIQPEPLLTPQFAVERCSEIVIGIVCAIMADLLFSPRSIKQEVDRELESLLVAQYQLMQLCIKHGDGEVVDKAWGDLVRRTTALQGMRSNLNMESSRWARANRRLKAINTLSLTLITQSCETYLIQNTRPELITDTFREFFDTPVETAQDVHKQLKRLRRVIAWTGERETPVTIYSWVAAATRYQLLKRGVISNTKINATEEEILQGEPEVKVESAERHHAMVNFWRTTLSCILGTLFWLWTGWTSGSGAMVMIAVVTSLAMRLPNPRMVAIDFIYGTLAALPLGLLYFLVIIPNTQQSMLLLCISLAVLGFFLGIEVQKRRLGSMGALASTINIIVLDNPMTFHFSQFLDSALGQIVGCVLAFTVILLVRDKSRDRTGRVLLNQFVSAAVSAMTTNVARRKENHLPALYQQLFLLMNKFPGDLPKFRLALTMIIAHQRLRDAPIPVNEDLSAFHRQMRRTADHVISARSDDKRRRYFGQLLEELEIYQEKLRIWQAPPQVTEPVNRLAGMLHKYQHALTDS,655
58,1nyt-assembly1,A,METYAVFGNPIAHSKSPFIHQQFAQQLNIEHPYGRVLAPINDFINTLNAFFSAGGKGANVTVPFKEEAFARADELTERAALAGAVNTLMRLEDGRLLGDNTDGVGLLSDLERLSFIRPGLRILLIGAGGASRGVLLPLLSLDCAVTITNRTVSRAEELAKLFAHTGSIQALSMDELEGHEFDLIINATSSGISGDIPAIPSSLIHPGIYCYDMFYQKGKTPFLAWCEQRGSKRNADGLGMLVAQAAHAFLLWHGVLPDVEPVIKQLQEELS,271
59,1nyt-assembly1,B,METYAVFGNPIAHSKSPFIHQQFAQQLNIEHPYGRVLAPINDFINTLNAFFSAGGKGANVTVPFKEEAFARADELTERAALAGAVNTLMRLEDGRLLGDNTDGVGLLSDLERLSFIRPGLRILLIGAGGASRGVLLPLLSLDCAVTITNRTVSRAEELAKLFAHTGSIQALSMDELEGHEFDLIINATSSGISGDIPAIPSSLIHPGIYCYDMFYQKGKTPFLAWCEQRGSKRNADGLGMLVAQAAHAFLLWHGVLPDVEPVIKQLQEELS,271
60,1nyt-assembly1,C,METYAVFGNPIAHSKSPFIHQQFAQQLNIEHPYGRVLAPINDFINTLNAFFSAGGKGANVTVPFKEEAFARADELTERAALAGAVNTLMRLEDGRLLGDNTDGVGLLSDLERLSFIRPGLRILLIGAGGASRGVLLPLLSLDCAVTITNRTVSRAEELAKLFAHTGSIQALSMDELEGHEFDLIINATSSGISGDIPAIPSSLIHPGIYCYDMFYQKGKTPFLAWCEQRGSKRNADGLGMLVAQAAHAFLLWHGVLPDVEPVIKQLQEE,269
61,1nyt-assembly1,D,METYAVFGNPIAHSKSPFIHQQFAQQLNIEHPYGRVLAPINDFINTLNAFFSAGGKGANVTVPFKEEAFARADELTERAALAGAVNTLMRLEDGRLLGDNTDGVGLLSDLERLSFIRPGLRILLIGAGGASRGVLLPLLSLDCAVTITNRTVSRAEELAKLFAHTGSIQALSMDELEGHEFDLIINATSSGISGDIPAIPSSLIHPGIYCYDMFYQKGKTPFLAWCEQRGSKRNADGLGMLVAQAAHAFLLWHGVLPDVEPVIKQLQEEL,270
62,ABC-26-CPLX_AlphaMulti,A,MAIKLEIKNLYKIFGEHPQRAFKYIEQGLSKEQILEKTGLSLGVKDASLAIEEGEIFVIMGLSGSGKSTMVRLLNRLIEPTRGQVLIDGVDIAKISDAELREVRRKKIAMVFQSFALMPHMTVLDNTAFGMELAGINAEERREKALDALRQVGLENYAHSYPDELSGGMRQRVGLARALAINPDILLMDEAFSALDPLIRTEMQDELVKLQAKHQRTIVFISHDLDEAMRIGDRIAIMQNGEVVQVGTPDEILNNPANDYVRTFFRGVDISQVFSAKDIARRTPNGLIRKTPGFGPRSALKLLQDEDREYGYVIERGNKFVGAVSIDSLKTALTQQQGLDAALIDAPLAVDAQTPLSELLSHVGQAPCAVPVVDEDQQYVGIISKGMLLRALDREGVNNG,400
63,ABC-26-CPLX_AlphaMulti,B,MAIKLEIKNLYKIFGEHPQRAFKYIEQGLSKEQILEKTGLSLGVKDASLAIEEGEIFVIMGLSGSGKSTMVRLLNRLIEPTRGQVLIDGVDIAKISDAELREVRRKKIAMVFQSFALMPHMTVLDNTAFGMELAGINAEERREKALDALRQVGLENYAHSYPDELSGGMRQRVGLARALAINPDILLMDEAFSALDPLIRTEMQDELVKLQAKHQRTIVFISHDLDEAMRIGDRIAIMQNGEVVQVGTPDEILNNPANDYVRTFFRGVDISQVFSAKDIARRTPNGLIRKTPGFGPRSALKLLQDEDREYGYVIERGNKFVGAVSIDSLKTALTQQQGLDAALIDAPLAVDAQTPLSELLSHVGQAPCAVPVVDEDQQYVGIISKGMLLRALDREGVNNG,400
64,ABC-26-CPLX_AlphaMulti,C,MADQNNPWDTTPAADSAAQSADAWGTPTTAPTDGGGADWLTSTPAPNVEHFNILDPFHKTLIPLDSWVTEGIDWVVTHFRPVFQGVRVPVDYILNGFQQLLLGMPAPVAIIVFALIAWQISGVGMGVATLVSLIAIGAIGAWSQAMVTLALVLTALLFCIVIGLPLGIWLARSPRAAKIIRPLLDAMQTTPAFVYLVPIVMLFGIGNVPGVVVTIIFALPPIIRLTILGINQVPADLIEASRSFGASPRQMLFKVQLPLAMPTIMAGVNQTLMLALSMVVIASMIAVGGLGQMVLRGIGRLDMGLATVGGVGIVILAIILDRLTQAVGRDSRSRGNRRWYTTGPVGLLTRPFIK,354
65,ABC-26-CPLX_AlphaMulti,D,MADQNNPWDTTPAADSAAQSADAWGTPTTAPTDGGGADWLTSTPAPNVEHFNILDPFHKTLIPLDSWVTEGIDWVVTHFRPVFQGVRVPVDYILNGFQQLLLGMPAPVAIIVFALIAWQISGVGMGVATLVSLIAIGAIGAWSQAMVTLALVLTALLFCIVIGLPLGIWLARSPRAAKIIRPLLDAMQTTPAFVYLVPIVMLFGIGNVPGVVVTIIFALPPIIRLTILGINQVPADLIEASRSFGASPRQMLFKVQLPLAMPTIMAGVNQTLMLALSMVVIASMIAVGGLGQMVLRGIGRLDMGLATVGGVGIVILAIILDRLTQAVGRDSRSRGNRRWYTTGPVGLLTRPFIK,354
66,ABC-26-CPLX_AlphaMulti,E,MRHSVLFATAFATLISTQTFAADLPGKGITVNPVQSTITEETFQTLLVSRALEKLGYTVNKPSEVDYNVGYTSLASGDATFTAVNWTPLHDNMYEAAGGDKKFYREGVFVNGAAQGYLIDKKTADQYKITNIAQLKDPKIAKLFDTNGDGKADLTGCNPGWGCEGAINHQLAAYELTNTVTHNQGNYAAMMADTISRYKEGKPVFYYTWTPYWVSNELKPGKDVVWLQVPFSALPGDKNADTKLPNGANYGFPVSTMHIVANKAWAEKNPAAAKLFAIMQLPVADINAQNAIMHDGKASEGDIQGHVDGWIKAHQQQFDGWVNEALAAQK,330
67,7vt9-assembly1,A,MLNAWHLPVPPFVKQSKDQLLITLWLTGEDPPQRIMLRTEHDNEEMSVPMHKQRSQPQPGVTAWRAAIDLSSGQPRRRYSFKLLWHDRQRWFTPQGFSRMPPARLEQFAVDVPDIGPQWAADQIFYQIFPDRFARSLPREAEQDHVYYHHAAGQEIILRDWDEPVTAQAGGSTFYGGDLDGISEKLPYLKKLGVTALYLNPVFKAPSVHKYDTEDYRHVDPQFGGDGALLRLRHNTQQLGMRLVLDGVFNHSGDSHAWFDRHNRGTGGACHNPESPWRDWYSFSDDGTALDWLGYASLPKLDYQSESLVNEIYRGEDSIVRHWLKAPWNMDGWRLDVVHMLGEAGGARNNMQHVAGITEAAKETQPEAYIVGEHFGDARQWLQADVEDAAMNYRGFTFPLWGFLANTDISYDPQQIDAQTCMAWMDNYRAGLSHQQQLRMFNQLDSHDTARFKTLLGRDIARLPLAVVWLFTWPGVPCIYYGDEVGLDGKNDPFCRKPFPWQVEKQDTALFALYQRMIALRKKSQALRHGGCQVLYAEDNVVVFVRVLNQQRVLVAINRGEACEVVLPASPFLNAVQWQCKEGHGQLTDGILALPAISATVWMN,604
68,7vt9-assembly1,B,MLNAWHLPVPPFVKQSKDQLLITLWLTGEDPPQRIMLRTEHDNEEMSVPMHKQRSQPQPGVTAWRAAIDLSSGQPRRRYSFKLLWHDRQRWFTPQGFSRMPPARLEQFAVDVPDIGPQWAADQIFYQIFPDRFARSLPREAEQDHVYYHHAAGQEIILRDWDEPVTAQAGGSTFYGGDLDGISEKLPYLKKLGVTALYLNPVFKAPSVHKYDTEDYRHVDPQFGGDGALLRLRHNTQQLGMRLVLDGVFNHSGDSHAWFDRHNRGTGGACHNPESPWRDWYSFSDDGTALDWLGYASLPKLDYQSESLVNEIYRGEDSIVRHWLKAPWNMDGWRLDVVHMLGEAGGARNNMQHVAGITEAAKETQPEAYIVGEHFGDARQWLQADVEDAAMNYRGFTFPLWGFLANTDISYDPQQIDAQTCMAWMDNYRAGLSHQQQLRMFNQLDSHDTARFKTLLGRDIARLPLAVVWLFTWPGVPCIYYGDEVGLDGKNDPFCRKPFPWQVEKQDTALFALYQRMIALRKKSQALRHGGCQVLYAEDNVVVFVRVLNQQRVLVAINRGEACEVVLPASPFLNAVQWQCKEGHGQLTDGILALPAISATVWMN,604
69,6wxi-assembly1,A,ENLMQVYQQARLSNPELRKSAADRDAAFEKINEARSPLLPQLGLGADYTYSNGYRDANGINSNATSASLQLTQSIFDMSKWRALTLQEKAAGIQDVTYQTDQQTLILNTATAYFNVLNAIDVLSYTQAQKEAIYRQLDQTTQRFNVGLVAITDVQNARAQYDTVLANEVTARNNLDNAVEQLRQITGNYYPELAALNVENFKTDKPQPVNALLKEAEKRNLSLLQARLSQDLAREQIRQAQDGHLPTLDLTASTGISDTSYSGSKTRGAAGTQYDDSNMGQNKVGLSFSLPIYQGGMVNSQVKQAQYNFVGASEQLESAHRSVVQTVRSSFNNINASISSINAYKQAVVSAQSSLDAMEAGYSVGTRTIVDVLDATTTLYNAKQELANARYNYLINQLNIKSALGTLNEQDLLALNNALSKPVSTNPE,428
70,6wxi-assembly1,B,ENLMQVYQQARLSNPELRKSAADRDAAFEKINEARSPLLPQLGLGADYTYSNGYRDANGINSNATSASLQLTQSIFDMSKWRALTLQEKAAGIQDVTYQTDQQTLILNTATAYFNVLNAIDVLSYTQAQKEAIYRQLDQTTQRFNVGLVAITDVQNARAQYDTVLANEVTARNNLDNAVEQLRQITGNYYPELAALNVENFKTDKPQPVNALLKEAEKRNLSLLQARLSQDLAREQIRQAQDGHLPTLDLTASTGISDTSYSGSKTRGAAGTQYDDSNMGQNKVGLSFSLPIYQGGMVNSQVKQAQYNFVGASEQLESAHRSVVQTVRSSFNNINASISSINAYKQAVVSAQSSLDAMEAGYSVGTRTIVDVLDATTTLYNAKQELANARYNYLINQLNIKSALGTLNEQDLLALNNALSKPVSTNPE,428
71,6wxi-assembly1,C,ENLMQVYQQARLSNPELRKSAADRDAAFEKINEARSPLLPQLGLGADYTYSNGYRDANGINSNATSASLQLTQSIFDMSKWRALTLQEKAAGIQDVTYQTDQQTLILNTATAYFNVLNAIDVLSYTQAQKEAIYRQLDQTTQRFNVGLVAITDVQNARAQYDTVLANEVTARNNLDNAVEQLRQITGNYYPELAALNVENFKTDKPQPVNALLKEAEKRNLSLLQARLSQDLAREQIRQAQDGHLPTLDLTASTGISDTSYSGSKTRGAAGTQYDDSNMGQNKVGLSFSLPIYQGGMVNSQVKQAQYNFVGASEQLESAHRSVVQTVRSSFNNINASISSINAYKQAVVSAQSSLDAMEAGYSVGTRTIVDVLDATTTLYNAKQELANARYNYLINQLNIKSALGTLNEQDLLALNNALSKPVSTNPE,428
72,5o66-assembly1,A,ENLMQVYQQARLSNPELRKSAADRDAAFEKINEARSPLLPQLGLGADYTYSNGYRDANGINSNATSASLQLTQSIFDMSKWRALTLQEKAAGIQDVTYQTDQQTLILNTATAYFNVLNAIDVLSYTQAQKEAIYRQLDQTTQRFNVGLVAITDVQNARAQYDTVLANEVTARNNLDNAVEQLRQITGNYYPELAALNVENFKTDKPQPVNALLKEAEKRNLSLLQARLSQDLAREQIRQAQDGHLPTLDLTASTGISDTSYSGSKTRGAAGTQYDDSNMGQNKVGLSFSLPIYQGGMVNSQVKQAQYNFVGASEQLESAHRSVVQTVRSSFNNINASISSINAYKQAVVSAQSSLDAMEAGYSVGTRTIVDVLDATTTLYNAKQELANARYNYLINQLNIKSALGTLNEQDLLALNNALSKPVSTNPE,428
73,5o66-assembly1,B,ENLMQVYQQARLSNPELRKSAADRDAAFEKINEARSPLLPQLGLGADYTYSNGYRDANGINSNATSASLQLTQSIFDMSKWRALTLQEKAAGIQDVTYQTDQQTLILNTATAYFNVLNAIDVLSYTQAQKEAIYRQLDQTTQRFNVGLVAITDVQNARAQYDTVLANEVTARNNLDNAVEQLRQITGNYYPELAALNVENFKTDKPQPVNALLKEAEKRNLSLLQARLSQDLAREQIRQAQDGHLPTLDLTASTGISDTSYSGSKTRGAAGTQYDDSNMGQNKVGLSFSLPIYQGGMVNSQVKQAQYNFVGASEQLESAHRSVVQTVRSSFNNINASISSINAYKQAVVSAQSSLDAMEAGYSVGTRTIVDVLDATTTLYNAKQELANARYNYLINQLNIKSALGTLNEQDLLALNNALSKPVSTNPE,428
74,5o66-assembly1,C,ENLMQVYQQARLSNPELRKSAADRDAAFEKINEARSPLLPQLGLGADYTYSNGYRDANGINSNATSASLQLTQSIFDMSKWRALTLQEKAAGIQDVTYQTDQQTLILNTATAYFNVLNAIDVLSYTQAQKEAIYRQLDQTTQRFNVGLVAITDVQNARAQYDTVLANEVTARNNLDNAVEQLRQITGNYYPELAALNVENFKTDKPQPVNALLKEAEKRNLSLLQARLSQDLAREQIRQAQDGHLPTLDLTASTGISDTSYSGSKTRGAAGTQYDDSNMGQNKVGLSFSLPIYQGGMVNSQVKQAQYNFVGASEQLESAHRSVVQTVRSSFNNINASISSINAYKQAVVSAQSSLDAMEAGYSVGTRTIVDVLDATTTLYNAKQELANARYNYLINQLNIKSALGTLNEQDLLALNNALSKPVSTNPE,428
75,5o66-assembly1,D,PAVGVVTVKTEPLQITTELPGRTSAYRIAEVRPQVSGIILKRNFKEGSDIEAGVSLYQIDPATYQATYDSAKGDLAKAQAAANIAQLTVNRYQKLLGTQYISKQEYDQALADAQQANAAVTAAKAAVETARINLAYTKVTSPISGRIGKSNVTEGALVQNGQATALATVQQLDPIYVDVTQSSNDMMRLKQELANGTLKQENGKAKVSLITSDGIKFPQDGTLEFSDVTVDQTTGSITLRAIFPNPDHTMMPGMFVRARLEEGLNPNAILVPQQGVTRTPRGDATVLVVGADDKVETRPIVASQAIGDKWLVTEGLKAGDRVVISGLQKVRPGVQVKAQE,340
76,5o66-assembly1,E,PAVGVVTVKTEPLQITTELPGRTSAYRIAEVRPQVSGIILKRNFKEGSDIEAGVSLYQIDPATYQATYDSAKGDLAKAQAAANIAQLTVNRYQKLLGTQYISKQEYDQALADAQQANAAVTAAKAAVETARINLAYTKVTSPISGRIGKSNVTEGALVQNGQATALATVQQLDPIYVDVTQSSNDMMRLKQELANGTLKQENGKAKVSLITSDGIKFPQDGTLEFSDVTVDQTTGSITLRAIFPNPDHTMMPGMFVRARLEEGLNPNAILVPQQGVTRTPRGDATVLVVGADDKVETRPIVASQAIGDKWLVTEGLKAGDRVVISGLQKVRPGVQVKAQE,340
77,5o66-assembly1,F,PAVGVVTVKTEPLQITTELPGRTSAYRIAEVRPQVSGIILKRNFKEGSDIEAGVSLYQIDPATYQATYDSAKGDLAKAQAAANIAQLTVNRYQKLLGTQYISKQEYDQALADAQQANAAVTAAKAAVETARINLAYTKVTSPISGRIGKSNVTEGALVQNGQATALATVQQLDPIYVDVTQSSNDMMRLKQELANGTLKQENGKAKVSLITSDGIKFPQDGTLEFSDVTVDQTTGSITLRAIFPNPDHTMMPGMFVRARLEEGLNPNAILVPQQGVTRTPRGDATVLVVGADDKVETRPIVASQAIGDKWLVTEGLKAGDRVVISGLQKVRPGVQVKAQE,340
78,5o66-assembly1,G,PAVGVVTVKTEPLQITTELPGRTSAYRIAEVRPQVSGIILKRNFKEGSDIEAGVSLYQIDPATYQATYDSAKGDLAKAQAAANIAQLTVNRYQKLLGTQYISKQEYDQALADAQQANAAVTAAKAAVETARINLAYTKVTSPISGRIGKSNVTEGALVQNGQATALATVQQLDPIYVDVTQSSNDMMRLKQELANGTLKQENGKAKVSLITSDGIKFPQDGTLEFSDVTVDQTTGSITLRAIFPNPDHTMMPGMFVRARLEEGLNPNAILVPQQGVTRTPRGDATVLVVGADDKVETRPIVASQAIGDKWLVTEGLKAGDRVVISGLQKVRPGVQVKAQE,340
79,5o66-assembly1,H,PAVGVVTVKTEPLQITTELPGRTSAYRIAEVRPQVSGIILKRNFKEGSDIEAGVSLYQIDPATYQATYDSAKGDLAKAQAAANIAQLTVNRYQKLLGTQYISKQEYDQALADAQQANAAVTAAKAAVETARINLAYTKVTSPISGRIGKSNVTEGALVQNGQATALATVQQLDPIYVDVTQSSNDMMRLKQELANGTLKQENGKAKVSLITSDGIKFPQDGTLEFSDVTVDQTTGSITLRAIFPNPDHTMMPGMFVRARLEEGLNPNAILVPQQGVTRTPRGDATVLVVGADDKVETRPIVASQAIGDKWLVTEGLKAGDRVVISGLQKVRPGVQVKAQE,340
80,5o66-assembly1,I,PAVGVVTVKTEPLQITTELPGRTSAYRIAEVRPQVSGIILKRNFKEGSDIEAGVSLYQIDPATYQATYDSAKGDLAKAQAAANIAQLTVNRYQKLLGTQYISKQEYDQALADAQQANAAVTAAKAAVETARINLAYTKVTSPISGRIGKSNVTEGALVQNGQATALATVQQLDPIYVDVTQSSNDMMRLKQELANGTLKQENGKAKVSLITSDGIKFPQDGTLEFSDVTVDQTTGSITLRAIFPNPDHTMMPGMFVRARLEEGLNPNAILVPQQGVTRTPRGDATVLVVGADDKVETRPIVASQAIGDKWLVTEGLKAGDRVVISGLQKVRPGVQVKAQE,340
81,5o66-assembly1,J,MPNFFIDRPIFAWVIAIIIMLAGGLAILKLPVAQYPTIAPPAVTISASYPGADAKTVQDTVTQVIEQNMNGIDNLMYMSSNSDSTGTVQITLTFESGTDADIAQVQVQNKLQLAMPLLPQEVQQQGVSVEKSSSSFLMVVGVINTDGTMTQEDISDYVAANMKDAISRTSGVGDVQLFGSQYAMRIWMNPNELNKFQLTPVDVITAIKAQNAQVAAGQLGGTPPVKGQQLNASIIAQTRLTSTEEFGKILLKVNQDGSRVLLRDVAKIELGGENYDIIAEFNGQPASGLGIKLATGANALDTAAAIRAELAKMEPFFPSGLKIVYPYDTTPFVKISIHEVVKTLVEAIILVFLVMYLFLQNFRATLIPTIAVPVVLLGTFAVLAAFGFSINTLTMFGMVLAIGLLVDDAIVVVENVERVMAEEGLPPKEATRKSMGQIQGALVGIAMVLSAVFVPMAFFGGSTGAIYRQFSITIVSAMALSVLVALILTPALCATMLKPIAKGDHGEGKKGFFGWFNRMFEKSTHHYTDSVGGILRSTGRYLVLYLIIVVGMAYLFVRLPSSFLPDEDQGVFMTMVQLPAGATQERTQKVLNEVTHYYLTKEKNNVESVFAVNGFGFAGRGQNTGIAFVSLKDWADRPGEENKVEAITMRATRAFSQIKDAMVFAFNLPAIVELGTATGFDFELIDQAGLGHEKLTQARNQLLAEAAKHPDMLTSVRPNGLEDTPQFKIDIDQEKAQALGVSINDINTTLGAAWGGSYVNDFIDRGRVKKVYVMSEAKYRMLPDDIGDWYVRAADGQMVPFSAFSSSRWEYGSPRLERYNGLPSMEILGQAAPGKSTGEAMELMEQLASKLPTGVGYDWTGMSYQERLSGNQAPSLYAISLIVVFLCLAALYESWSIPFSVMLVVPLGVIGALLAATFRGLTNDVYFQVGLLTTIGLSAKNAILIVEFAKDLMDKEGKGLIEATLDAVRMRLRPILMTSLAFILGVMPLVISTGAGSGAQNAVGTGVMGGMVTATVLAIFFVPVFFVVVRRRFSRKNEDIEHSH,1044
82,5o66-assembly1,K,MPNFFIDRPIFAWVIAIIIMLAGGLAILKLPVAQYPTIAPPAVTISASYPGADAKTVQDTVTQVIEQNMNGIDNLMYMSSNSDSTGTVQITLTFESGTDADIAQVQVQNKLQLAMPLLPQEVQQQGVSVEKSSSSFLMVVGVINTDGTMTQEDISDYVAANMKDAISRTSGVGDVQLFGSQYAMRIWMNPNELNKFQLTPVDVITAIKAQNAQVAAGQLGGTPPVKGQQLNASIIAQTRLTSTEEFGKILLKVNQDGSRVLLRDVAKIELGGENYDIIAEFNGQPASGLGIKLATGANALDTAAAIRAELAKMEPFFPSGLKIVYPYDTTPFVKISIHEVVKTLVEAIILVFLVMYLFLQNFRATLIPTIAVPVVLLGTFAVLAAFGFSINTLTMFGMVLAIGLLVDDAIVVVENVERVMAEEGLPPKEATRKSMGQIQGALVGIAMVLSAVFVPMAFFGGSTGAIYRQFSITIVSAMALSVLVALILTPALCATMLKPIAKGDHGEGKKGFFGWFNRMFEKSTHHYTDSVGGILRSTGRYLVLYLIIVVGMAYLFVRLPSSFLPDEDQGVFMTMVQLPAGATQERTQKVLNEVTHYYLTKEKNNVESVFAVNGFGFAGRGQNTGIAFVSLKDWADRPGEENKVEAITMRATRAFSQIKDAMVFAFNLPAIVELGTATGFDFELIDQAGLGHEKLTQARNQLLAEAAKHPDMLTSVRPNGLEDTPQFKIDIDQEKAQALGVSINDINTTLGAAWGGSYVNDFIDRGRVKKVYVMSEAKYRMLPDDIGDWYVRAADGQMVPFSAFSSSRWEYGSPRLERYNGLPSMEILGQAAPGKSTGEAMELMEQLASKLPTGVGYDWTGMSYQERLSGNQAPSLYAISLIVVFLCLAALYESWSIPFSVMLVVPLGVIGALLAATFRGLTNDVYFQVGLLTTIGLSAKNAILIVEFAKDLMDKEGKGLIEATLDAVRMRLRPILMTSLAFILGVMPLVISTGAGSGAQNAVGTGVMGGMVTATVLAIFFVPVFFVVVRRRF,1033
83,5o66-assembly1,L,MPNFFIDRPIFAWVIAIIIMLAGGLAILKLPVAQYPTIAPPAVTISASYPGADAKTVQDTVTQVIEQNMNGIDNLMYMSSNSDSTGTVQITLTFESGTDADIAQVQVQNKLQLAMPLLPQEVQQQGVSVEKSSSSFLMVVGVINTDGTMTQEDISDYVAANMKDAISRTSGVGDVQLFGSQYAMRIWMNPNELNKFQLTPVDVITAIKAQNAQVAAGQLGGTPPVKGQQLNASIIAQTRLTSTEEFGKILLKVNQDGSRVLLRDVAKIELGGENYDIIAEFNGQPASGLGIKLATGANALDTAAAIRAELAKMEPFFPSGLKIVYPYDTTPFVKISIHEVVKTLVEAIILVFLVMYLFLQNFRATLIPTIAVPVVLLGTFAVLAAFGFSINTLTMFGMVLAIGLLVDDAIVVVENVERVMAEEGLPPKEATRKSMGQIQGALVGIAMVLSAVFVPMAFFGGSTGAIYRQFSITIVSAMALSVLVALILTPALCATMLKPIAKGDHGEGKKGFFGWFNRMFEKSTHHYTDSVGGILRSTGRYLVLYLIIVVGMAYLFVRLPSSFLPDEDQGVFMTMVQLPAGATQERTQKVLNEVTHYYLTKEKNNVESVFAVNGFGFAGRGQNTGIAFVSLKDWADRPGEENKVEAITMRATRAFSQIKDAMVFAFNLPAIVELGTATGFDFELIDQAGLGHEKLTQARNQLLAEAAKHPDMLTSVRPNGLEDTPQFKIDIDQEKAQALGVSINDINTTLGAAWGGSYVNDFIDRGRVKKVYVMSEAKYRMLPDDIGDWYVRAADGQMVPFSAFSSSRWEYGSPRLERYNGLPSMEILGQAAPGKSTGEAMELMEQLASKLPTGVGYDWTGMSYQERLSGNQAPSLYAISLIVVFLCLAALYESWSIPFSVMLVVPLGVIGALLAATFRGLTNDVYFQVGLLTTIGLSAKNAILIVEFAKDLMDKEGKGLIEATLDAVRMRLRPILMTSLAFILGVMPLVISTGAGSGAQNAVGTGVMGGMVTATVLAIFFVPVFFVVVRRRF,1033
84,5o66-assembly1,M,MLELLKSLVFAVIMVPVVMAIILGLIYGLGEVFNIF,36
85,5o66-assembly1,N,MLELLKSLVFAVIMVPVVMAIILGLIYGLGEVFNIFS,37
86,5o66-assembly1,O,MLELLKSLVFAVIMVPVVMAIILGLIYGLGEVFNIFS,37
87,P0AF28_4_216_5xt2,A,QEPATILLIDDHPMLRTGVKQLISMAPDITVVGEASNGEQGIELAESLDPDLILLDLNMPGMNGLETLDKLREKSLSGRIVVFSVSNHEEDVVTALKRGADGYLLKDMEPEDLLKALHQAAAGEMVLSEALTPVLAASLRANRATTERDVNQLTPRERDILKLIAQGLPNKMIARRLDITESTVKVHVKHMLKKMKLKSRVEAAVWVHQERIF,213
