,structureId,geneId,chainId,uniprotId,leafId,uniprotResidueId,structureResidueId
0,ABC-26-CPLX_AlphaMulti,b2678,C,P14176,tmhmm_leaflet_O,100,100.0
1,ABC-26-CPLX_AlphaMulti,b2678,C,P14176,tmhmm_leaflet_O,139,139.0
2,ABC-26-CPLX_AlphaMulti,b2678,C,P14176,tmhmm_leaflet_O,149,149.0
3,ABC-26-CPLX_AlphaMulti,b2678,C,P14176,tmhmm_leaflet_O,203,203.0
4,ABC-26-CPLX_AlphaMulti,b2678,C,P14176,tmhmm_leaflet_O,210,210.0
5,ABC-26-CPLX_AlphaMulti,b2678,C,P14176,tmhmm_leaflet_O,282,282.0
6,ABC-26-CPLX_AlphaMulti,b2678,C,P14176,tmhmm_leaflet_O,306,306.0
7,ABC-26-CPLX_AlphaMulti,b2678,C,P14176,tmhmm_leaflet_I,120,120.0
8,ABC-26-CPLX_AlphaMulti,b2678,C,P14176,tmhmm_leaflet_I,123,123.0
9,ABC-26-CPLX_AlphaMulti,b2678,C,P14176,tmhmm_leaflet_I,168,168.0
10,ABC-26-CPLX_AlphaMulti,b2678,C,P14176,tmhmm_leaflet_I,183,183.0
11,ABC-26-CPLX_AlphaMulti,b2678,C,P14176,tmhmm_leaflet_I,219,219.0
12,ABC-26-CPLX_AlphaMulti,b2678,C,P14176,tmhmm_leaflet_I,272,272.0
13,ABC-26-CPLX_AlphaMulti,b2678,C,P14176,tmhmm_leaflet_I,320,320.0
14,ABC-26-CPLX_AlphaMulti,b2678,D,P14176,tmhmm_leaflet_O,100,100.0
15,ABC-26-CPLX_AlphaMulti,b2678,D,P14176,tmhmm_leaflet_O,139,139.0
16,ABC-26-CPLX_AlphaMulti,b2678,D,P14176,tmhmm_leaflet_O,149,149.0
17,ABC-26-CPLX_AlphaMulti,b2678,D,P14176,tmhmm_leaflet_O,203,203.0
18,ABC-26-CPLX_AlphaMulti,b2678,D,P14176,tmhmm_leaflet_O,210,210.0
19,ABC-26-CPLX_AlphaMulti,b2678,D,P14176,tmhmm_leaflet_O,282,282.0
20,ABC-26-CPLX_AlphaMulti,b2678,D,P14176,tmhmm_leaflet_O,306,306.0
21,ABC-26-CPLX_AlphaMulti,b2678,D,P14176,tmhmm_leaflet_I,120,120.0
22,ABC-26-CPLX_AlphaMulti,b2678,D,P14176,tmhmm_leaflet_I,123,123.0
23,ABC-26-CPLX_AlphaMulti,b2678,D,P14176,tmhmm_leaflet_I,168,168.0
24,ABC-26-CPLX_AlphaMulti,b2678,D,P14176,tmhmm_leaflet_I,183,183.0
25,ABC-26-CPLX_AlphaMulti,b2678,D,P14176,tmhmm_leaflet_I,219,219.0
26,ABC-26-CPLX_AlphaMulti,b2678,D,P14176,tmhmm_leaflet_I,272,272.0
27,ABC-26-CPLX_AlphaMulti,b2678,D,P14176,tmhmm_leaflet_I,320,320.0
28,P75783_462_727_3udc,b0808,A,P75783,tmhmm_leaflet_O,139,
29,P75783_462_727_3udc,b0808,A,P75783,tmhmm_leaflet_O,208,
30,P75783_462_727_3udc,b0808,A,P75783,tmhmm_leaflet_O,224,
31,P75783_462_727_3udc,b0808,A,P75783,tmhmm_leaflet_O,286,
32,P75783_462_727_3udc,b0808,A,P75783,tmhmm_leaflet_O,297,
33,P75783_462_727_3udc,b0808,A,P75783,tmhmm_leaflet_O,361,
34,P75783_462_727_3udc,b0808,A,P75783,tmhmm_leaflet_O,374,
35,P75783_462_727_3udc,b0808,A,P75783,tmhmm_leaflet_O,443,
36,P75783_462_727_3udc,b0808,A,P75783,tmhmm_leaflet_O,467,
37,P75783_462_727_3udc,b0808,A,P75783,tmhmm_leaflet_O,531,
38,P75783_462_727_3udc,b0808,A,P75783,tmhmm_leaflet_O,539,
39,P75783_462_727_3udc,b0808,A,P75783,tmhmm_leaflet_I,155,
40,P75783_462_727_3udc,b0808,A,P75783,tmhmm_leaflet_I,184,
41,P75783_462_727_3udc,b0808,A,P75783,tmhmm_leaflet_I,244,
42,P75783_462_727_3udc,b0808,A,P75783,tmhmm_leaflet_I,268,
43,P75783_462_727_3udc,b0808,A,P75783,tmhmm_leaflet_I,315,
44,P75783_462_727_3udc,b0808,A,P75783,tmhmm_leaflet_I,342,
45,P75783_462_727_3udc,b0808,A,P75783,tmhmm_leaflet_I,394,
46,P75783_462_727_3udc,b0808,A,P75783,tmhmm_leaflet_I,426,
47,P75783_462_727_3udc,b0808,A,P75783,tmhmm_leaflet_I,487,
48,P75783_462_727_3udc,b0808,A,P75783,tmhmm_leaflet_I,512,
49,P75783_462_727_3udc,b0808,A,P75783,tmhmm_leaflet_I,559,
50,P75783_462_727_3udc,b0808,C,P75783,tmhmm_leaflet_O,139,
51,P75783_462_727_3udc,b0808,C,P75783,tmhmm_leaflet_O,208,
52,P75783_462_727_3udc,b0808,C,P75783,tmhmm_leaflet_O,224,
53,P75783_462_727_3udc,b0808,C,P75783,tmhmm_leaflet_O,286,
54,P75783_462_727_3udc,b0808,C,P75783,tmhmm_leaflet_O,297,
55,P75783_462_727_3udc,b0808,C,P75783,tmhmm_leaflet_O,361,
56,P75783_462_727_3udc,b0808,C,P75783,tmhmm_leaflet_O,374,
57,P75783_462_727_3udc,b0808,C,P75783,tmhmm_leaflet_O,443,
58,P75783_462_727_3udc,b0808,C,P75783,tmhmm_leaflet_O,467,
59,P75783_462_727_3udc,b0808,C,P75783,tmhmm_leaflet_O,531,
60,P75783_462_727_3udc,b0808,C,P75783,tmhmm_leaflet_O,539,
61,P75783_462_727_3udc,b0808,C,P75783,tmhmm_leaflet_I,155,
62,P75783_462_727_3udc,b0808,C,P75783,tmhmm_leaflet_I,184,
63,P75783_462_727_3udc,b0808,C,P75783,tmhmm_leaflet_I,244,
64,P75783_462_727_3udc,b0808,C,P75783,tmhmm_leaflet_I,268,
65,P75783_462_727_3udc,b0808,C,P75783,tmhmm_leaflet_I,315,
66,P75783_462_727_3udc,b0808,C,P75783,tmhmm_leaflet_I,342,
67,P75783_462_727_3udc,b0808,C,P75783,tmhmm_leaflet_I,394,
68,P75783_462_727_3udc,b0808,C,P75783,tmhmm_leaflet_I,426,
69,P75783_462_727_3udc,b0808,C,P75783,tmhmm_leaflet_I,487,
70,P75783_462_727_3udc,b0808,C,P75783,tmhmm_leaflet_I,512,
71,P75783_462_727_3udc,b0808,C,P75783,tmhmm_leaflet_I,559,
72,P75783_462_727_3udc,b0808,B,P75783,tmhmm_leaflet_O,139,
73,P75783_462_727_3udc,b0808,B,P75783,tmhmm_leaflet_O,208,
74,P75783_462_727_3udc,b0808,B,P75783,tmhmm_leaflet_O,224,
75,P75783_462_727_3udc,b0808,B,P75783,tmhmm_leaflet_O,286,
76,P75783_462_727_3udc,b0808,B,P75783,tmhmm_leaflet_O,297,
77,P75783_462_727_3udc,b0808,B,P75783,tmhmm_leaflet_O,361,
78,P75783_462_727_3udc,b0808,B,P75783,tmhmm_leaflet_O,374,
79,P75783_462_727_3udc,b0808,B,P75783,tmhmm_leaflet_O,443,
80,P75783_462_727_3udc,b0808,B,P75783,tmhmm_leaflet_O,467,
81,P75783_462_727_3udc,b0808,B,P75783,tmhmm_leaflet_O,531,
82,P75783_462_727_3udc,b0808,B,P75783,tmhmm_leaflet_O,539,
83,P75783_462_727_3udc,b0808,B,P75783,tmhmm_leaflet_I,155,
84,P75783_462_727_3udc,b0808,B,P75783,tmhmm_leaflet_I,184,
85,P75783_462_727_3udc,b0808,B,P75783,tmhmm_leaflet_I,244,
86,P75783_462_727_3udc,b0808,B,P75783,tmhmm_leaflet_I,268,
87,P75783_462_727_3udc,b0808,B,P75783,tmhmm_leaflet_I,315,
88,P75783_462_727_3udc,b0808,B,P75783,tmhmm_leaflet_I,342,
89,P75783_462_727_3udc,b0808,B,P75783,tmhmm_leaflet_I,394,
90,P75783_462_727_3udc,b0808,B,P75783,tmhmm_leaflet_I,426,
91,P75783_462_727_3udc,b0808,B,P75783,tmhmm_leaflet_I,487,
92,P75783_462_727_3udc,b0808,B,P75783,tmhmm_leaflet_I,512,
93,P75783_462_727_3udc,b0808,B,P75783,tmhmm_leaflet_I,559,
94,P75783_462_727_3udc,b0808,E,P75783,tmhmm_leaflet_O,139,
95,P75783_462_727_3udc,b0808,E,P75783,tmhmm_leaflet_O,208,
96,P75783_462_727_3udc,b0808,E,P75783,tmhmm_leaflet_O,224,
97,P75783_462_727_3udc,b0808,E,P75783,tmhmm_leaflet_O,286,
98,P75783_462_727_3udc,b0808,E,P75783,tmhmm_leaflet_O,297,
99,P75783_462_727_3udc,b0808,E,P75783,tmhmm_leaflet_O,361,
100,P75783_462_727_3udc,b0808,E,P75783,tmhmm_leaflet_O,374,
101,P75783_462_727_3udc,b0808,E,P75783,tmhmm_leaflet_O,443,
102,P75783_462_727_3udc,b0808,E,P75783,tmhmm_leaflet_O,467,
103,P75783_462_727_3udc,b0808,E,P75783,tmhmm_leaflet_O,531,
104,P75783_462_727_3udc,b0808,E,P75783,tmhmm_leaflet_O,539,
105,P75783_462_727_3udc,b0808,E,P75783,tmhmm_leaflet_I,155,
106,P75783_462_727_3udc,b0808,E,P75783,tmhmm_leaflet_I,184,
107,P75783_462_727_3udc,b0808,E,P75783,tmhmm_leaflet_I,244,
108,P75783_462_727_3udc,b0808,E,P75783,tmhmm_leaflet_I,268,
109,P75783_462_727_3udc,b0808,E,P75783,tmhmm_leaflet_I,315,
110,P75783_462_727_3udc,b0808,E,P75783,tmhmm_leaflet_I,342,
111,P75783_462_727_3udc,b0808,E,P75783,tmhmm_leaflet_I,394,
112,P75783_462_727_3udc,b0808,E,P75783,tmhmm_leaflet_I,426,
113,P75783_462_727_3udc,b0808,E,P75783,tmhmm_leaflet_I,487,
114,P75783_462_727_3udc,b0808,E,P75783,tmhmm_leaflet_I,512,
115,P75783_462_727_3udc,b0808,E,P75783,tmhmm_leaflet_I,559,
116,P75783_462_727_3udc,b0808,D,P75783,tmhmm_leaflet_O,139,
117,P75783_462_727_3udc,b0808,D,P75783,tmhmm_leaflet_O,208,
118,P75783_462_727_3udc,b0808,D,P75783,tmhmm_leaflet_O,224,
119,P75783_462_727_3udc,b0808,D,P75783,tmhmm_leaflet_O,286,
120,P75783_462_727_3udc,b0808,D,P75783,tmhmm_leaflet_O,297,
121,P75783_462_727_3udc,b0808,D,P75783,tmhmm_leaflet_O,361,
122,P75783_462_727_3udc,b0808,D,P75783,tmhmm_leaflet_O,374,
123,P75783_462_727_3udc,b0808,D,P75783,tmhmm_leaflet_O,443,
124,P75783_462_727_3udc,b0808,D,P75783,tmhmm_leaflet_O,467,
125,P75783_462_727_3udc,b0808,D,P75783,tmhmm_leaflet_O,531,
126,P75783_462_727_3udc,b0808,D,P75783,tmhmm_leaflet_O,539,
127,P75783_462_727_3udc,b0808,D,P75783,tmhmm_leaflet_I,155,
128,P75783_462_727_3udc,b0808,D,P75783,tmhmm_leaflet_I,184,
129,P75783_462_727_3udc,b0808,D,P75783,tmhmm_leaflet_I,244,
130,P75783_462_727_3udc,b0808,D,P75783,tmhmm_leaflet_I,268,
131,P75783_462_727_3udc,b0808,D,P75783,tmhmm_leaflet_I,315,
132,P75783_462_727_3udc,b0808,D,P75783,tmhmm_leaflet_I,342,
133,P75783_462_727_3udc,b0808,D,P75783,tmhmm_leaflet_I,394,
134,P75783_462_727_3udc,b0808,D,P75783,tmhmm_leaflet_I,426,
135,P75783_462_727_3udc,b0808,D,P75783,tmhmm_leaflet_I,487,
136,P75783_462_727_3udc,b0808,D,P75783,tmhmm_leaflet_I,512,
137,P75783_462_727_3udc,b0808,D,P75783,tmhmm_leaflet_I,559,
138,P75783_462_727_3udc,b0808,G,P75783,tmhmm_leaflet_O,139,
139,P75783_462_727_3udc,b0808,G,P75783,tmhmm_leaflet_O,208,
140,P75783_462_727_3udc,b0808,G,P75783,tmhmm_leaflet_O,224,
141,P75783_462_727_3udc,b0808,G,P75783,tmhmm_leaflet_O,286,
142,P75783_462_727_3udc,b0808,G,P75783,tmhmm_leaflet_O,297,
143,P75783_462_727_3udc,b0808,G,P75783,tmhmm_leaflet_O,361,
144,P75783_462_727_3udc,b0808,G,P75783,tmhmm_leaflet_O,374,
145,P75783_462_727_3udc,b0808,G,P75783,tmhmm_leaflet_O,443,
146,P75783_462_727_3udc,b0808,G,P75783,tmhmm_leaflet_O,467,
147,P75783_462_727_3udc,b0808,G,P75783,tmhmm_leaflet_O,531,
148,P75783_462_727_3udc,b0808,G,P75783,tmhmm_leaflet_O,539,
149,P75783_462_727_3udc,b0808,G,P75783,tmhmm_leaflet_I,155,
150,P75783_462_727_3udc,b0808,G,P75783,tmhmm_leaflet_I,184,
151,P75783_462_727_3udc,b0808,G,P75783,tmhmm_leaflet_I,244,
152,P75783_462_727_3udc,b0808,G,P75783,tmhmm_leaflet_I,268,
153,P75783_462_727_3udc,b0808,G,P75783,tmhmm_leaflet_I,315,
154,P75783_462_727_3udc,b0808,G,P75783,tmhmm_leaflet_I,342,
155,P75783_462_727_3udc,b0808,G,P75783,tmhmm_leaflet_I,394,
156,P75783_462_727_3udc,b0808,G,P75783,tmhmm_leaflet_I,426,
157,P75783_462_727_3udc,b0808,G,P75783,tmhmm_leaflet_I,487,
158,P75783_462_727_3udc,b0808,G,P75783,tmhmm_leaflet_I,512,
159,P75783_462_727_3udc,b0808,G,P75783,tmhmm_leaflet_I,559,
160,P75783_462_727_3udc,b0808,F,P75783,tmhmm_leaflet_O,139,
161,P75783_462_727_3udc,b0808,F,P75783,tmhmm_leaflet_O,208,
162,P75783_462_727_3udc,b0808,F,P75783,tmhmm_leaflet_O,224,
163,P75783_462_727_3udc,b0808,F,P75783,tmhmm_leaflet_O,286,
164,P75783_462_727_3udc,b0808,F,P75783,tmhmm_leaflet_O,297,
165,P75783_462_727_3udc,b0808,F,P75783,tmhmm_leaflet_O,361,
166,P75783_462_727_3udc,b0808,F,P75783,tmhmm_leaflet_O,374,
167,P75783_462_727_3udc,b0808,F,P75783,tmhmm_leaflet_O,443,
168,P75783_462_727_3udc,b0808,F,P75783,tmhmm_leaflet_O,467,
169,P75783_462_727_3udc,b0808,F,P75783,tmhmm_leaflet_O,531,
170,P75783_462_727_3udc,b0808,F,P75783,tmhmm_leaflet_O,539,
171,P75783_462_727_3udc,b0808,F,P75783,tmhmm_leaflet_I,155,
172,P75783_462_727_3udc,b0808,F,P75783,tmhmm_leaflet_I,184,
173,P75783_462_727_3udc,b0808,F,P75783,tmhmm_leaflet_I,244,
174,P75783_462_727_3udc,b0808,F,P75783,tmhmm_leaflet_I,268,
175,P75783_462_727_3udc,b0808,F,P75783,tmhmm_leaflet_I,315,
176,P75783_462_727_3udc,b0808,F,P75783,tmhmm_leaflet_I,342,
177,P75783_462_727_3udc,b0808,F,P75783,tmhmm_leaflet_I,394,
178,P75783_462_727_3udc,b0808,F,P75783,tmhmm_leaflet_I,426,
179,P75783_462_727_3udc,b0808,F,P75783,tmhmm_leaflet_I,487,
180,P75783_462_727_3udc,b0808,F,P75783,tmhmm_leaflet_I,512,
181,P75783_462_727_3udc,b0808,F,P75783,tmhmm_leaflet_I,559,
182,5nik-assembly1,b0878,H,P75830,tmhmm_leaflet_O,31,
183,5nik-assembly1,b0878,H,P75830,tmhmm_leaflet_I,11,
184,5nik-assembly1,b0878,F,P75830,tmhmm_leaflet_O,31,
185,5nik-assembly1,b0878,F,P75830,tmhmm_leaflet_I,11,
186,5nik-assembly1,b0878,D,P75830,tmhmm_leaflet_O,31,
187,5nik-assembly1,b0878,D,P75830,tmhmm_leaflet_I,11,
188,5nik-assembly1,b0878,I,P75830,tmhmm_leaflet_O,31,
189,5nik-assembly1,b0878,I,P75830,tmhmm_leaflet_I,11,
190,5nik-assembly1,b0878,E,P75830,tmhmm_leaflet_O,31,
191,5nik-assembly1,b0878,E,P75830,tmhmm_leaflet_I,11,
192,5nik-assembly1,b0878,G,P75830,tmhmm_leaflet_O,31,
193,5nik-assembly1,b0878,G,P75830,tmhmm_leaflet_I,11,
194,5nik-assembly1,b0879,J,P75831,tmhmm_leaflet_O,293,293.0
195,5nik-assembly1,b0879,J,P75831,tmhmm_leaflet_O,523,523.0
196,5nik-assembly1,b0879,J,P75831,tmhmm_leaflet_O,596,596.0
197,5nik-assembly1,b0879,J,P75831,tmhmm_leaflet_O,611,611.0
198,5nik-assembly1,b0879,J,P75831,tmhmm_leaflet_I,273,273.0
199,5nik-assembly1,b0879,J,P75831,tmhmm_leaflet_I,543,543.0
200,5nik-assembly1,b0879,J,P75831,tmhmm_leaflet_I,576,576.0
201,5nik-assembly1,b0879,J,P75831,tmhmm_leaflet_I,631,631.0
202,5nik-assembly1,b0879,K,P75831,tmhmm_leaflet_O,293,293.0
203,5nik-assembly1,b0879,K,P75831,tmhmm_leaflet_O,523,523.0
204,5nik-assembly1,b0879,K,P75831,tmhmm_leaflet_O,596,596.0
205,5nik-assembly1,b0879,K,P75831,tmhmm_leaflet_O,611,611.0
206,5nik-assembly1,b0879,K,P75831,tmhmm_leaflet_I,273,273.0
207,5nik-assembly1,b0879,K,P75831,tmhmm_leaflet_I,543,543.0
208,5nik-assembly1,b0879,K,P75831,tmhmm_leaflet_I,576,576.0
209,5nik-assembly1,b0879,K,P75831,tmhmm_leaflet_I,631,631.0
210,4dx5-assembly1,b0462,A,P31224,tmhmm_leaflet_O,24,
211,4dx5-assembly1,b0462,A,P31224,tmhmm_leaflet_O,344,
212,4dx5-assembly1,b0462,A,P31224,tmhmm_leaflet_O,382,
213,4dx5-assembly1,b0462,A,P31224,tmhmm_leaflet_O,398,
214,4dx5-assembly1,b0462,A,P31224,tmhmm_leaflet_O,457,
215,4dx5-assembly1,b0462,A,P31224,tmhmm_leaflet_O,472,
216,4dx5-assembly1,b0462,A,P31224,tmhmm_leaflet_O,555,
217,4dx5-assembly1,b0462,A,P31224,tmhmm_leaflet_O,876,
218,4dx5-assembly1,b0462,A,P31224,tmhmm_leaflet_O,915,
219,4dx5-assembly1,b0462,A,P31224,tmhmm_leaflet_O,929,
220,4dx5-assembly1,b0462,A,P31224,tmhmm_leaflet_O,990,
221,4dx5-assembly1,b0462,A,P31224,tmhmm_leaflet_O,1005,
222,4dx5-assembly1,b0462,A,P31224,tmhmm_leaflet_I,11,
223,4dx5-assembly1,b0462,A,P31224,tmhmm_leaflet_I,357,
224,4dx5-assembly1,b0462,A,P31224,tmhmm_leaflet_I,366,
225,4dx5-assembly1,b0462,A,P31224,tmhmm_leaflet_I,410,
226,4dx5-assembly1,b0462,A,P31224,tmhmm_leaflet_I,443,
227,4dx5-assembly1,b0462,A,P31224,tmhmm_leaflet_I,489,
228,4dx5-assembly1,b0462,A,P31224,tmhmm_leaflet_I,541,
229,4dx5-assembly1,b0462,A,P31224,tmhmm_leaflet_I,890,
230,4dx5-assembly1,b0462,A,P31224,tmhmm_leaflet_I,899,
231,4dx5-assembly1,b0462,A,P31224,tmhmm_leaflet_I,943,
232,4dx5-assembly1,b0462,A,P31224,tmhmm_leaflet_I,976,
233,4dx5-assembly1,b0462,A,P31224,tmhmm_leaflet_I,1019,
234,4dx5-assembly1,b0462,B,P31224,tmhmm_leaflet_O,24,
235,4dx5-assembly1,b0462,B,P31224,tmhmm_leaflet_O,344,
236,4dx5-assembly1,b0462,B,P31224,tmhmm_leaflet_O,382,
237,4dx5-assembly1,b0462,B,P31224,tmhmm_leaflet_O,398,
238,4dx5-assembly1,b0462,B,P31224,tmhmm_leaflet_O,457,
239,4dx5-assembly1,b0462,B,P31224,tmhmm_leaflet_O,472,
240,4dx5-assembly1,b0462,B,P31224,tmhmm_leaflet_O,555,
241,4dx5-assembly1,b0462,B,P31224,tmhmm_leaflet_O,876,
242,4dx5-assembly1,b0462,B,P31224,tmhmm_leaflet_O,915,
243,4dx5-assembly1,b0462,B,P31224,tmhmm_leaflet_O,929,
244,4dx5-assembly1,b0462,B,P31224,tmhmm_leaflet_O,990,
245,4dx5-assembly1,b0462,B,P31224,tmhmm_leaflet_O,1005,
246,4dx5-assembly1,b0462,B,P31224,tmhmm_leaflet_I,11,
247,4dx5-assembly1,b0462,B,P31224,tmhmm_leaflet_I,357,
248,4dx5-assembly1,b0462,B,P31224,tmhmm_leaflet_I,366,
249,4dx5-assembly1,b0462,B,P31224,tmhmm_leaflet_I,410,
250,4dx5-assembly1,b0462,B,P31224,tmhmm_leaflet_I,443,
251,4dx5-assembly1,b0462,B,P31224,tmhmm_leaflet_I,489,
252,4dx5-assembly1,b0462,B,P31224,tmhmm_leaflet_I,541,
253,4dx5-assembly1,b0462,B,P31224,tmhmm_leaflet_I,890,
254,4dx5-assembly1,b0462,B,P31224,tmhmm_leaflet_I,899,
255,4dx5-assembly1,b0462,B,P31224,tmhmm_leaflet_I,943,
256,4dx5-assembly1,b0462,B,P31224,tmhmm_leaflet_I,976,
257,4dx5-assembly1,b0462,B,P31224,tmhmm_leaflet_I,1019,
258,4dx5-assembly1,b0462,C,P31224,tmhmm_leaflet_O,24,
259,4dx5-assembly1,b0462,C,P31224,tmhmm_leaflet_O,344,
260,4dx5-assembly1,b0462,C,P31224,tmhmm_leaflet_O,382,
261,4dx5-assembly1,b0462,C,P31224,tmhmm_leaflet_O,398,
262,4dx5-assembly1,b0462,C,P31224,tmhmm_leaflet_O,457,
263,4dx5-assembly1,b0462,C,P31224,tmhmm_leaflet_O,472,
264,4dx5-assembly1,b0462,C,P31224,tmhmm_leaflet_O,555,
265,4dx5-assembly1,b0462,C,P31224,tmhmm_leaflet_O,876,
266,4dx5-assembly1,b0462,C,P31224,tmhmm_leaflet_O,915,
267,4dx5-assembly1,b0462,C,P31224,tmhmm_leaflet_O,929,
268,4dx5-assembly1,b0462,C,P31224,tmhmm_leaflet_O,990,
269,4dx5-assembly1,b0462,C,P31224,tmhmm_leaflet_O,1005,
270,4dx5-assembly1,b0462,C,P31224,tmhmm_leaflet_I,11,
271,4dx5-assembly1,b0462,C,P31224,tmhmm_leaflet_I,357,
272,4dx5-assembly1,b0462,C,P31224,tmhmm_leaflet_I,366,
273,4dx5-assembly1,b0462,C,P31224,tmhmm_leaflet_I,410,
274,4dx5-assembly1,b0462,C,P31224,tmhmm_leaflet_I,443,
275,4dx5-assembly1,b0462,C,P31224,tmhmm_leaflet_I,489,
276,4dx5-assembly1,b0462,C,P31224,tmhmm_leaflet_I,541,
277,4dx5-assembly1,b0462,C,P31224,tmhmm_leaflet_I,890,
278,4dx5-assembly1,b0462,C,P31224,tmhmm_leaflet_I,899,
279,4dx5-assembly1,b0462,C,P31224,tmhmm_leaflet_I,943,
280,4dx5-assembly1,b0462,C,P31224,tmhmm_leaflet_I,976,
281,4dx5-assembly1,b0462,C,P31224,tmhmm_leaflet_I,1019,
282,b3241_6__AlphaMulti,b3241,A,P46482,tmhmm_leaflet_O,29,29.0
283,b3241_6__AlphaMulti,b3241,A,P46482,tmhmm_leaflet_I,11,11.0
284,b3241_6__AlphaMulti,b3241,C,P46482,tmhmm_leaflet_O,29,29.0
285,b3241_6__AlphaMulti,b3241,C,P46482,tmhmm_leaflet_I,11,11.0
286,b3241_6__AlphaMulti,b3241,B,P46482,tmhmm_leaflet_O,29,29.0
287,b3241_6__AlphaMulti,b3241,B,P46482,tmhmm_leaflet_I,11,11.0
288,b3241_6__AlphaMulti,b3241,E,P46482,tmhmm_leaflet_O,29,29.0
289,b3241_6__AlphaMulti,b3241,E,P46482,tmhmm_leaflet_I,11,11.0
290,b3241_6__AlphaMulti,b3241,D,P46482,tmhmm_leaflet_O,29,29.0
291,b3241_6__AlphaMulti,b3241,D,P46482,tmhmm_leaflet_I,11,11.0
292,b3241_6__AlphaMulti,b3241,F,P46482,tmhmm_leaflet_O,29,29.0
293,b3241_6__AlphaMulti,b3241,F,P46482,tmhmm_leaflet_I,11,11.0
294,b3240_3__AlphaMulti,b3240,A,P46481,tmhmm_leaflet_O,29,29.0
295,b3240_3__AlphaMulti,b3240,A,P46481,tmhmm_leaflet_O,38,38.0
296,b3240_3__AlphaMulti,b3240,A,P46481,tmhmm_leaflet_O,87,87.0
297,b3240_3__AlphaMulti,b3240,A,P46481,tmhmm_leaflet_O,94,94.0
298,b3240_3__AlphaMulti,b3240,A,P46481,tmhmm_leaflet_O,135,135.0
299,b3240_3__AlphaMulti,b3240,A,P46481,tmhmm_leaflet_O,150,150.0
300,b3240_3__AlphaMulti,b3240,A,P46481,tmhmm_leaflet_O,375,375.0
301,b3240_3__AlphaMulti,b3240,A,P46481,tmhmm_leaflet_O,382,382.0
302,b3240_3__AlphaMulti,b3240,A,P46481,tmhmm_leaflet_O,424,424.0
303,b3240_3__AlphaMulti,b3240,A,P46481,tmhmm_leaflet_O,433,433.0
304,b3240_3__AlphaMulti,b3240,A,P46481,tmhmm_leaflet_O,471,471.0
305,b3240_3__AlphaMulti,b3240,A,P46481,tmhmm_leaflet_O,482,482.0
306,b3240_3__AlphaMulti,b3240,A,P46481,tmhmm_leaflet_I,13,13.0
307,b3240_3__AlphaMulti,b3240,A,P46481,tmhmm_leaflet_I,52,52.0
308,b3240_3__AlphaMulti,b3240,A,P46481,tmhmm_leaflet_I,67,67.0
309,b3240_3__AlphaMulti,b3240,A,P46481,tmhmm_leaflet_I,112,112.0
310,b3240_3__AlphaMulti,b3240,A,P46481,tmhmm_leaflet_I,119,119.0
311,b3240_3__AlphaMulti,b3240,A,P46481,tmhmm_leaflet_I,166,166.0
312,b3240_3__AlphaMulti,b3240,A,P46481,tmhmm_leaflet_I,355,355.0
313,b3240_3__AlphaMulti,b3240,A,P46481,tmhmm_leaflet_I,395,395.0
314,b3240_3__AlphaMulti,b3240,A,P46481,tmhmm_leaflet_I,404,404.0
315,b3240_3__AlphaMulti,b3240,A,P46481,tmhmm_leaflet_I,449,449.0
316,b3240_3__AlphaMulti,b3240,A,P46481,tmhmm_leaflet_I,456,456.0
317,b3240_3__AlphaMulti,b3240,A,P46481,tmhmm_leaflet_I,503,503.0
318,b3240_3__AlphaMulti,b3240,C,P46481,tmhmm_leaflet_O,29,29.0
319,b3240_3__AlphaMulti,b3240,C,P46481,tmhmm_leaflet_O,38,38.0
320,b3240_3__AlphaMulti,b3240,C,P46481,tmhmm_leaflet_O,87,87.0
321,b3240_3__AlphaMulti,b3240,C,P46481,tmhmm_leaflet_O,94,94.0
322,b3240_3__AlphaMulti,b3240,C,P46481,tmhmm_leaflet_O,135,135.0
323,b3240_3__AlphaMulti,b3240,C,P46481,tmhmm_leaflet_O,150,150.0
324,b3240_3__AlphaMulti,b3240,C,P46481,tmhmm_leaflet_O,375,375.0
325,b3240_3__AlphaMulti,b3240,C,P46481,tmhmm_leaflet_O,382,382.0
326,b3240_3__AlphaMulti,b3240,C,P46481,tmhmm_leaflet_O,424,424.0
327,b3240_3__AlphaMulti,b3240,C,P46481,tmhmm_leaflet_O,433,433.0
328,b3240_3__AlphaMulti,b3240,C,P46481,tmhmm_leaflet_O,471,471.0
329,b3240_3__AlphaMulti,b3240,C,P46481,tmhmm_leaflet_O,482,482.0
330,b3240_3__AlphaMulti,b3240,C,P46481,tmhmm_leaflet_I,13,13.0
331,b3240_3__AlphaMulti,b3240,C,P46481,tmhmm_leaflet_I,52,52.0
332,b3240_3__AlphaMulti,b3240,C,P46481,tmhmm_leaflet_I,67,67.0
333,b3240_3__AlphaMulti,b3240,C,P46481,tmhmm_leaflet_I,112,112.0
334,b3240_3__AlphaMulti,b3240,C,P46481,tmhmm_leaflet_I,119,119.0
335,b3240_3__AlphaMulti,b3240,C,P46481,tmhmm_leaflet_I,166,166.0
336,b3240_3__AlphaMulti,b3240,C,P46481,tmhmm_leaflet_I,355,355.0
337,b3240_3__AlphaMulti,b3240,C,P46481,tmhmm_leaflet_I,395,395.0
338,b3240_3__AlphaMulti,b3240,C,P46481,tmhmm_leaflet_I,404,404.0
339,b3240_3__AlphaMulti,b3240,C,P46481,tmhmm_leaflet_I,449,449.0
340,b3240_3__AlphaMulti,b3240,C,P46481,tmhmm_leaflet_I,456,456.0
341,b3240_3__AlphaMulti,b3240,C,P46481,tmhmm_leaflet_I,503,503.0
342,b3240_3__AlphaMulti,b3240,B,P46481,tmhmm_leaflet_O,29,29.0
343,b3240_3__AlphaMulti,b3240,B,P46481,tmhmm_leaflet_O,38,38.0
344,b3240_3__AlphaMulti,b3240,B,P46481,tmhmm_leaflet_O,87,87.0
345,b3240_3__AlphaMulti,b3240,B,P46481,tmhmm_leaflet_O,94,94.0
346,b3240_3__AlphaMulti,b3240,B,P46481,tmhmm_leaflet_O,135,135.0
347,b3240_3__AlphaMulti,b3240,B,P46481,tmhmm_leaflet_O,150,150.0
348,b3240_3__AlphaMulti,b3240,B,P46481,tmhmm_leaflet_O,375,375.0
349,b3240_3__AlphaMulti,b3240,B,P46481,tmhmm_leaflet_O,382,382.0
350,b3240_3__AlphaMulti,b3240,B,P46481,tmhmm_leaflet_O,424,424.0
351,b3240_3__AlphaMulti,b3240,B,P46481,tmhmm_leaflet_O,433,433.0
352,b3240_3__AlphaMulti,b3240,B,P46481,tmhmm_leaflet_O,471,471.0
353,b3240_3__AlphaMulti,b3240,B,P46481,tmhmm_leaflet_O,482,482.0
354,b3240_3__AlphaMulti,b3240,B,P46481,tmhmm_leaflet_I,13,13.0
355,b3240_3__AlphaMulti,b3240,B,P46481,tmhmm_leaflet_I,52,52.0
356,b3240_3__AlphaMulti,b3240,B,P46481,tmhmm_leaflet_I,67,67.0
357,b3240_3__AlphaMulti,b3240,B,P46481,tmhmm_leaflet_I,112,112.0
358,b3240_3__AlphaMulti,b3240,B,P46481,tmhmm_leaflet_I,119,119.0
359,b3240_3__AlphaMulti,b3240,B,P46481,tmhmm_leaflet_I,166,166.0
360,b3240_3__AlphaMulti,b3240,B,P46481,tmhmm_leaflet_I,355,355.0
361,b3240_3__AlphaMulti,b3240,B,P46481,tmhmm_leaflet_I,395,395.0
362,b3240_3__AlphaMulti,b3240,B,P46481,tmhmm_leaflet_I,404,404.0
363,b3240_3__AlphaMulti,b3240,B,P46481,tmhmm_leaflet_I,449,449.0
364,b3240_3__AlphaMulti,b3240,B,P46481,tmhmm_leaflet_I,456,456.0
365,b3240_3__AlphaMulti,b3240,B,P46481,tmhmm_leaflet_I,503,503.0
